Ground_truth_MLP,profteacher,acc,0.9062603786117569
Ground_truth_MLP,profteacher,auc,0.9640250687867424
Ground_truth_MLP,profteacher,f1_binary,0.9059871762844534
Ground_truth_MLP,profteacher,mcc,0.8125932618645022
Ground_truth_MLP,profteacher,acc,0.9045167718365992
Ground_truth_MLP,profteacher,auc,0.9647997779895
Ground_truth_MLP,profteacher,f1_binary,0.9025423728813561
Ground_truth_MLP,profteacher,mcc,0.8091726157192068
Ground_truth_MLP,profteacher,acc,0.9052640318830953
Ground_truth_MLP,profteacher,auc,0.9646915635899691
Ground_truth_MLP,profteacher,f1_binary,0.9065902578796562
Ground_truth_MLP,profteacher,mcc,0.8114903997208464
Ground_truth_MLP,profteacher,acc,0.906343407505812
Ground_truth_MLP,profteacher,auc,0.9633399453324237
Ground_truth_MLP,profteacher,f1_binary,0.9072520966946226
Ground_truth_MLP,profteacher,mcc,0.8133302423648784
Ground_truth_MLP,profteacher,acc,0.9061773497177018
Ground_truth_MLP,profteacher,auc,0.963543164473643
Ground_truth_MLP,profteacher,f1_binary,0.9060993850756192
Ground_truth_MLP,profteacher,mcc,0.8124845671976848
Ground_truth_MLP,profteacher,acc,0.9029392228495516
Ground_truth_MLP,profteacher,auc,0.9634446022249367
Ground_truth_MLP,profteacher,f1_binary,0.9024939527900577
Ground_truth_MLP,profteacher,mcc,0.8059148478368507
Ground_truth_MLP,profteacher,acc,0.9034373962138824
Ground_truth_MLP,profteacher,auc,0.9626407573154754
Ground_truth_MLP,profteacher,f1_binary,0.9048670756646217
Ground_truth_MLP,profteacher,mcc,0.8079015860341706
Ground_truth_MLP,profteacher,acc,0.8953005645964796
Ground_truth_MLP,profteacher,auc,0.9598653916561513
Ground_truth_MLP,profteacher,f1_binary,0.8954134527660279
Ground_truth_MLP,profteacher,mcc,0.7907937820498696
Ground_truth_MLP,profteacher,acc,0.9028561939554965
Ground_truth_MLP,profteacher,auc,0.9641933609307629
Ground_truth_MLP,profteacher,f1_binary,0.901481980464803
Ground_truth_MLP,profteacher,mcc,0.8057136299174733
Ground_truth_MLP,profteacher,acc,0.9002822982397874
Ground_truth_MLP,profteacher,auc,0.9614564246205077
Ground_truth_MLP,profteacher,f1_binary,0.9006041545973683
Ground_truth_MLP,profteacher,mcc,0.8008455776534336
supervised_validation_MLP,profteacher,acc,0.7362172035868482
supervised_validation_MLP,profteacher,auc,0.8051928461126155
supervised_validation_MLP,profteacher,f1_binary,0.7395261129786013
supervised_validation_MLP,profteacher,mcc,0.4730625801176359
supervised_validation_MLP,profteacher,acc,0.7323978744603122
supervised_validation_MLP,profteacher,auc,0.8034276331922354
supervised_validation_MLP,profteacher,f1_binary,0.7263774513965531
supervised_validation_MLP,profteacher,mcc,0.46477308972981707
supervised_validation_MLP,profteacher,acc,0.729076718698107
supervised_validation_MLP,profteacher,auc,0.8014233778622901
supervised_validation_MLP,profteacher,f1_binary,0.7206574779556545
supervised_validation_MLP,profteacher,mcc,0.4582950819013178
supervised_validation_MLP,profteacher,acc,0.7309033543673198
supervised_validation_MLP,profteacher,auc,0.7985497946739322
supervised_validation_MLP,profteacher,f1_binary,0.7372943179054876
supervised_validation_MLP,profteacher,mcc,0.46314406219933424
supervised_validation_MLP,profteacher,acc,0.732314845566257
supervised_validation_MLP,profteacher,auc,0.800421939636662
supervised_validation_MLP,profteacher,f1_binary,0.7349120210491695
supervised_validation_MLP,profteacher,mcc,0.46511268032556224
supervised_validation_MLP,profteacher,acc,0.7377947525738957
supervised_validation_MLP,profteacher,auc,0.8025063491848125
supervised_validation_MLP,profteacher,f1_binary,0.7447462010992565
supervised_validation_MLP,profteacher,mcc,0.4771741860865847
supervised_validation_MLP,profteacher,acc,0.7329790767186981
supervised_validation_MLP,profteacher,auc,0.8020266648664026
supervised_validation_MLP,profteacher,f1_binary,0.7345658633212281
supervised_validation_MLP,profteacher,mcc,0.46628131225489683
supervised_validation_MLP,profteacher,acc,0.7414480239123215
supervised_validation_MLP,profteacher,auc,0.8103584290357877
supervised_validation_MLP,profteacher,f1_binary,0.7476908118619349
supervised_validation_MLP,profteacher,mcc,0.48430110536810533
supervised_validation_MLP,profteacher,acc,0.7281634008635005
supervised_validation_MLP,profteacher,auc,0.799551246688347
supervised_validation_MLP,profteacher,f1_binary,0.7283889165422266
supervised_validation_MLP,profteacher,mcc,0.4564758721221319
supervised_validation_MLP,profteacher,acc,0.7294918631683825
supervised_validation_MLP,profteacher,auc,0.7943660561102142
supervised_validation_MLP,profteacher,f1_binary,0.7326001313197635
supervised_validation_MLP,profteacher,mcc,0.4595497230230252
2stage_MLP_snorkel,profteacher,acc,0.818997010959814
2stage_MLP_snorkel,profteacher,auc,0.9014632329719237
2stage_MLP_snorkel,profteacher,f1_binary,0.8087048087048087
2stage_MLP_snorkel,profteacher,mcc,0.6402084300814617
2stage_MLP_snorkel,profteacher,acc,0.8307871139156426
2stage_MLP_snorkel,profteacher,auc,0.9019137677948431
2stage_MLP_snorkel,profteacher,f1_binary,0.8307308970099668
2stage_MLP_snorkel,profteacher,mcc,0.6617078072094655
2stage_MLP_snorkel,profteacher,acc,0.8187479242776486
2stage_MLP_snorkel,profteacher,auc,0.8992311868825174
2stage_MLP_snorkel,profteacher,f1_binary,0.8091616400034968
2stage_MLP_snorkel,profteacher,mcc,0.6393379790287538
2stage_MLP_snorkel,profteacher,acc,0.8356027897708402
2stage_MLP_snorkel,profteacher,auc,0.9070363986468456
2stage_MLP_snorkel,profteacher,f1_binary,0.8332210242587602
2stage_MLP_snorkel,profteacher,mcc,0.6711799995754809
2stage_MLP_snorkel,profteacher,acc,0.8286283626702092
2stage_MLP_snorkel,profteacher,auc,0.9018462578942186
2stage_MLP_snorkel,profteacher,f1_binary,0.8214841722885313
2stage_MLP_snorkel,profteacher,mcc,0.6582764341851775
2stage_MLP_snorkel,profteacher,acc,0.8415808701428097
2stage_MLP_snorkel,profteacher,auc,0.9093067775638124
2stage_MLP_snorkel,profteacher,f1_binary,0.8415808701428096
2stage_MLP_snorkel,profteacher,mcc,0.6833073056191954
2stage_MLP_snorkel,profteacher,acc,0.8308701428096977
2stage_MLP_snorkel,profteacher,auc,0.9007576331690703
2stage_MLP_snorkel,profteacher,f1_binary,0.8278833967046895
2stage_MLP_snorkel,profteacher,mcc,0.6617462408893658
2stage_MLP_snorkel,profteacher,acc,0.8245599468615078
2stage_MLP_snorkel,profteacher,auc,0.9046127022084232
2stage_MLP_snorkel,profteacher,f1_binary,0.8129591927060281
2stage_MLP_snorkel,profteacher,mcc,0.6523899860067881
2stage_MLP_snorkel,profteacher,acc,0.8302889405513119
2stage_MLP_snorkel,profteacher,auc,0.9073884401649934
2stage_MLP_snorkel,profteacher,f1_binary,0.8207017543859649
2stage_MLP_snorkel,profteacher,mcc,0.6628658444385052
2stage_MLP_snorkel,profteacher,acc,0.8387578877449352
2stage_MLP_snorkel,profteacher,auc,0.9045048738949252
2stage_MLP_snorkel,profteacher,f1_binary,0.8398482599373248
2stage_MLP_snorkel,profteacher,mcc,0.6779362117526493
2stage_MLP_flyingsquid_triplet_median,profteacher,acc,0.4740949850547991
2stage_MLP_flyingsquid_triplet_median,profteacher,auc,0.4344878463977677
2stage_MLP_flyingsquid_triplet_median,profteacher,f1_binary,0.2622874446773818
2stage_MLP_flyingsquid_triplet_median,profteacher,mcc,-0.06915907105529472
2stage_MLP_flyingsquid_triplet_median,profteacher,acc,0.45939887080704084
2stage_MLP_flyingsquid_triplet_median,profteacher,auc,0.3791897504748031
2stage_MLP_flyingsquid_triplet_median,profteacher,f1_binary,0.1888625887629251
2stage_MLP_flyingsquid_triplet_median,profteacher,mcc,-0.11593061445697453
2stage_MLP_flyingsquid_triplet_median,profteacher,acc,0.46496180670873466
2stage_MLP_flyingsquid_triplet_median,profteacher,auc,0.37563087836668396
2stage_MLP_flyingsquid_triplet_median,profteacher,f1_binary,0.19670905011219147
2stage_MLP_flyingsquid_triplet_median,profteacher,mcc,-0.10126696999551352
2stage_MLP_flyingsquid_triplet_median,profteacher,acc,0.49775821986051144
2stage_MLP_flyingsquid_triplet_median,profteacher,auc,0.5036669348309941
2stage_MLP_flyingsquid_triplet_median,profteacher,f1_binary,0.5600407302349261
2stage_MLP_flyingsquid_triplet_median,profteacher,mcc,-0.0018449279269080684
2stage_MLP_flyingsquid_triplet_median,profteacher,acc,0.45998007306542676
2stage_MLP_flyingsquid_triplet_median,profteacher,auc,0.4572437158155289
2stage_MLP_flyingsquid_triplet_median,profteacher,f1_binary,0.36546341463414633
2stage_MLP_flyingsquid_triplet_median,profteacher,mcc,-0.08640399965508626
2stage_MLP_flyingsquid_triplet_median,profteacher,acc,0.4632181999335769
2stage_MLP_flyingsquid_triplet_median,profteacher,auc,0.3811011659026024
2stage_MLP_flyingsquid_triplet_median,profteacher,f1_binary,0.1975921558892888
2stage_MLP_flyingsquid_triplet_median,profteacher,mcc,-0.10512438134227944
2stage_MLP_flyingsquid_triplet_median,profteacher,acc,0.5077216871471272
2stage_MLP_flyingsquid_triplet_median,profteacher,auc,0.4687348495704021
2stage_MLP_flyingsquid_triplet_median,profteacher,f1_binary,0.08601819022660706
2stage_MLP_flyingsquid_triplet_median,profteacher,mcc,0.017078891973142038
2stage_MLP_flyingsquid_triplet_median,profteacher,acc,0.5046496180670873
2stage_MLP_flyingsquid_triplet_median,profteacher,auc,0.4989744038197367
2stage_MLP_flyingsquid_triplet_median,profteacher,f1_binary,0.0
2stage_MLP_flyingsquid_triplet_median,profteacher,mcc,0.0
2stage_MLP_flyingsquid_triplet_median,profteacher,acc,0.4716871471272003
2stage_MLP_flyingsquid_triplet_median,profteacher,auc,0.3944387423214383
2stage_MLP_flyingsquid_triplet_median,profteacher,f1_binary,0.13885505481120586
2stage_MLP_flyingsquid_triplet_median,profteacher,mcc,-0.09871916268076662
2stage_MLP_flyingsquid_triplet_median,profteacher,acc,0.45890069744271006
2stage_MLP_flyingsquid_triplet_median,profteacher,auc,0.3872407887318474
2stage_MLP_flyingsquid_triplet_median,profteacher,f1_binary,0.21998803111909038
2stage_MLP_flyingsquid_triplet_median,profteacher,mcc,-0.11010650390641454
2stage_MLP_flyingsquid_triplet_mean,profteacher,acc,0.798073729657921
2stage_MLP_flyingsquid_triplet_mean,profteacher,auc,0.8710364407853783
2stage_MLP_flyingsquid_triplet_mean,profteacher,f1_binary,0.7979395147889664
2stage_MLP_flyingsquid_triplet_mean,profteacher,mcc,0.5962663041274775
2stage_MLP_flyingsquid_triplet_mean,profteacher,acc,0.7852042510793756
2stage_MLP_flyingsquid_triplet_mean,profteacher,auc,0.8680411026087613
2stage_MLP_flyingsquid_triplet_mean,profteacher,f1_binary,0.7817430186450689
2stage_MLP_flyingsquid_triplet_mean,profteacher,mcc,0.5703680290468514
2stage_MLP_flyingsquid_triplet_mean,profteacher,acc,0.7771504483560279
2stage_MLP_flyingsquid_triplet_mean,profteacher,auc,0.8649884582338196
2stage_MLP_flyingsquid_triplet_mean,profteacher,f1_binary,0.7679806362378977
2stage_MLP_flyingsquid_triplet_mean,profteacher,mcc,0.5550278148802885
2stage_MLP_flyingsquid_triplet_mean,profteacher,acc,0.8119395549651278
2stage_MLP_flyingsquid_triplet_mean,profteacher,auc,0.8778322030388943
2stage_MLP_flyingsquid_triplet_mean,profteacher,f1_binary,0.8153281695882593
2stage_MLP_flyingsquid_triplet_mean,profteacher,mcc,0.6249953896704293
2stage_MLP_flyingsquid_triplet_mean,profteacher,acc,0.7954168050481567
2stage_MLP_flyingsquid_triplet_mean,profteacher,auc,0.868877268434698
2stage_MLP_flyingsquid_triplet_mean,profteacher,f1_binary,0.7950765136393878
2stage_MLP_flyingsquid_triplet_mean,profteacher,mcc,0.590925311315233
2stage_MLP_flyingsquid_triplet_mean,profteacher,acc,0.7865327133842577
2stage_MLP_flyingsquid_triplet_mean,profteacher,auc,0.8680849095847182
2stage_MLP_flyingsquid_triplet_mean,profteacher,f1_binary,0.7792564608912166
2stage_MLP_flyingsquid_triplet_mean,profteacher,mcc,0.57348377557451
2stage_MLP_flyingsquid_triplet_mean,profteacher,acc,0.7892726668880771
2stage_MLP_flyingsquid_triplet_mean,profteacher,auc,0.8702231919232566
2stage_MLP_flyingsquid_triplet_mean,profteacher,f1_binary,0.7836317135549873
2stage_MLP_flyingsquid_triplet_mean,profteacher,mcc,0.5787032801034573
2stage_MLP_flyingsquid_triplet_mean,profteacher,acc,0.7960810362005978
2stage_MLP_flyingsquid_triplet_mean,profteacher,auc,0.8699193560040844
2stage_MLP_flyingsquid_triplet_mean,profteacher,f1_binary,0.7966213978138456
2stage_MLP_flyingsquid_triplet_mean,profteacher,mcc,0.5923868275005669
2stage_MLP_flyingsquid_triplet_mean,profteacher,acc,0.8104450348721355
2stage_MLP_flyingsquid_triplet_mean,profteacher,auc,0.8824938885338736
2stage_MLP_flyingsquid_triplet_mean,profteacher,f1_binary,0.8123304562268803
2stage_MLP_flyingsquid_triplet_mean,profteacher,mcc,0.6214587526298859
2stage_MLP_flyingsquid_triplet_mean,profteacher,acc,0.7969943540352042
2stage_MLP_flyingsquid_triplet_mean,profteacher,auc,0.8711587335363263
2stage_MLP_flyingsquid_triplet_mean,profteacher,f1_binary,0.796131076461269
2stage_MLP_flyingsquid_triplet_mean,profteacher,mcc,0.5940223186987098
2stage_MLP_MV,profteacher,acc,0.8265526403188309
2stage_MLP_MV,profteacher,auc,0.9012008323573631
2stage_MLP_MV,profteacher,f1_binary,0.8322492572070987
2stage_MLP_MV,profteacher,mcc,0.6558096479317581
2stage_MLP_MV,profteacher,acc,0.8290435071404849
2stage_MLP_MV,profteacher,auc,0.8992949462331076
2stage_MLP_MV,profteacher,f1_binary,0.829708047307915
2stage_MLP_MV,profteacher,mcc,0.6583708396444381
2stage_MLP_MV,profteacher,acc,0.8268847558950515
2stage_MLP_MV,profteacher,auc,0.8982143879482913
2stage_MLP_MV,profteacher,f1_binary,0.8302531954734187
2stage_MLP_MV,profteacher,mcc,0.6550397747200657
2stage_MLP_MV,profteacher,acc,0.8059614745931584
2stage_MLP_MV,profteacher,auc,0.8813967837047867
2stage_MLP_MV,profteacher,f1_binary,0.8015960607861448
2stage_MLP_MV,profteacher,mcc,0.6119953440680246
2stage_MLP_MV,profteacher,acc,0.8199103287944205
2stage_MLP_MV,profteacher,auc,0.8960940861878604
2stage_MLP_MV,profteacher,f1_binary,0.820788234322069
2stage_MLP_MV,profteacher,mcc,0.6401426506330525
2stage_MLP_MV,profteacher,acc,0.8195782132181999
2stage_MLP_MV,profteacher,auc,0.8952616984895322
2stage_MLP_MV,profteacher,f1_binary,0.8252794082174157
2stage_MLP_MV,profteacher,mcc,0.641663493495993
2stage_MLP_MV,profteacher,acc,0.8205745599468615
2stage_MLP_MV,profteacher,auc,0.894220203837982
2stage_MLP_MV,profteacher,f1_binary,0.8223884277143093
2stage_MLP_MV,profteacher,mcc,0.6417368309245189
2stage_MLP_MV,profteacher,acc,0.832945865161076
2stage_MLP_MV,profteacher,auc,0.9070605014463335
2stage_MLP_MV,profteacher,f1_binary,0.8326123128119801
2stage_MLP_MV,profteacher,mcc,0.6659793435162228
2stage_MLP_MV,profteacher,acc,0.8228993689804052
2stage_MLP_MV,profteacher,auc,0.897937991715035
2stage_MLP_MV,profteacher,f1_binary,0.8205300799326883
2stage_MLP_MV,profteacher,mcc,0.645762066382372
2stage_MLP_MV,profteacher,acc,0.8298737960810362
2stage_MLP_MV,profteacher,auc,0.9037118256056009
2stage_MLP_MV,profteacher,f1_binary,0.8284063311280462
2stage_MLP_MV,profteacher,mcc,0.6597236324488163
MLP_weasel,profteacher,acc,0.7129691132514115
MLP_weasel,profteacher,auc,0.7805838602580356
MLP_weasel,profteacher,f1_binary,0.7351566689649889
MLP_weasel,profteacher,mcc,0.4344492901693089
MLP_weasel,profteacher,acc,0.804466954500166
MLP_weasel,profteacher,auc,0.8785334593738765
MLP_weasel,profteacher,f1_binary,0.7983560236321604
MLP_weasel,profteacher,mcc,0.6092856828374131
MLP_weasel,profteacher,acc,0.8180006642311525
MLP_weasel,profteacher,auc,0.904070568474178
MLP_weasel,profteacher,f1_binary,0.8032315978456013
MLP_weasel,profteacher,mcc,0.64110750749609
MLP_weasel,profteacher,acc,0.803138492195284
MLP_weasel,profteacher,auc,0.8763919918255658
MLP_weasel,profteacher,f1_binary,0.7987095678750319
MLP_weasel,profteacher,mcc,0.606345731599064
MLP_weasel,profteacher,acc,0.825307206908004
MLP_weasel,profteacher,auc,0.9055988210918139
MLP_weasel,profteacher,f1_binary,0.8159552134359692
MLP_weasel,profteacher,mcc,0.652571298237078
MLP_weasel,profteacher,acc,0.8165891730322152
MLP_weasel,profteacher,auc,0.902585130039843
MLP_weasel,profteacher,f1_binary,0.801116413072837
MLP_weasel,profteacher,mcc,0.6387173518637795
MLP_weasel,profteacher,acc,0.8171703752906011
MLP_weasel,profteacher,auc,0.8915756523999052
MLP_weasel,profteacher,f1_binary,0.8089868147120056
MLP_weasel,profteacher,mcc,0.6355146101345048
MLP_weasel,profteacher,acc,0.8158419129857191
MLP_weasel,profteacher,auc,0.8981597016194764
MLP_weasel,profteacher,f1_binary,0.801680972818312
MLP_weasel,profteacher,mcc,0.6361648685962052
MLP_weasel,profteacher,acc,0.7877781467950847
MLP_weasel,profteacher,auc,0.8865171394069521
MLP_weasel,profteacher,f1_binary,0.7634647418101055
MLP_weasel,profteacher,mcc,0.585138051636777
MLP_weasel,profteacher,acc,0.8174194619727665
MLP_weasel,profteacher,auc,0.8894606593224278
MLP_weasel,profteacher,f1_binary,0.8148522354129831
MLP_weasel,profteacher,mcc,0.6348028075660767
Ground_truth_MLP,imdb,acc,0.79
Ground_truth_MLP,imdb,auc,0.87345984
Ground_truth_MLP,imdb,f1_binary,0.7945205479452055
Ground_truth_MLP,imdb,mcc,0.5805622565283187
Ground_truth_MLP,imdb,acc,0.7884
Ground_truth_MLP,imdb,auc,0.87611072
Ground_truth_MLP,imdb,f1_binary,0.7969289827255278
Ground_truth_MLP,imdb,mcc,0.5788457830724326
Ground_truth_MLP,imdb,acc,0.5
Ground_truth_MLP,imdb,auc,0.608576
Ground_truth_MLP,imdb,f1_binary,0.6666666666666666
Ground_truth_MLP,imdb,mcc,0.0
Ground_truth_MLP,imdb,acc,0.7804
Ground_truth_MLP,imdb,auc,0.8704950400000002
Ground_truth_MLP,imdb,f1_binary,0.7794294897549217
Ground_truth_MLP,imdb,mcc,0.5608217154372407
Ground_truth_MLP,imdb,acc,0.5008
Ground_truth_MLP,imdb,auc,0.61505152
Ground_truth_MLP,imdb,f1_binary,0.6668446342765616
Ground_truth_MLP,imdb,mcc,0.02001601922563589
Ground_truth_MLP,imdb,acc,0.7868
Ground_truth_MLP,imdb,auc,0.8755283199999998
Ground_truth_MLP,imdb,f1_binary,0.7939698492462313
Ground_truth_MLP,imdb,mcc,0.5749943730626421
Ground_truth_MLP,imdb,acc,0.7864
Ground_truth_MLP,imdb,auc,0.8712921600000001
Ground_truth_MLP,imdb,f1_binary,0.7944572748267898
Ground_truth_MLP,imdb,mcc,0.5745685317627951
Ground_truth_MLP,imdb,acc,0.7848
Ground_truth_MLP,imdb,auc,0.8706323199999999
Ground_truth_MLP,imdb,f1_binary,0.7911490683229814
Ground_truth_MLP,imdb,mcc,0.5706557309683354
Ground_truth_MLP,imdb,acc,0.7816
Ground_truth_MLP,imdb,auc,0.86969984
Ground_truth_MLP,imdb,f1_binary,0.7903225806451614
Ground_truth_MLP,imdb,mcc,0.5651594816745494
Ground_truth_MLP,imdb,acc,0.7924
Ground_truth_MLP,imdb,auc,0.8774060799999999
Ground_truth_MLP,imdb,f1_binary,0.801983975581839
Ground_truth_MLP,imdb,mcc,0.5875592646178339
supervised_validation_MLP,imdb,acc,0.7764
supervised_validation_MLP,imdb,auc,0.8612569599999998
supervised_validation_MLP,imdb,f1_binary,0.7806983130639465
supervised_validation_MLP,imdb,mcc,0.5532252174133659
supervised_validation_MLP,imdb,acc,0.7896
supervised_validation_MLP,imdb,auc,0.86648736
supervised_validation_MLP,imdb,f1_binary,0.7865259740259741
supervised_validation_MLP,imdb,mcc,0.5794403553545981
supervised_validation_MLP,imdb,acc,0.5
supervised_validation_MLP,imdb,auc,0.4996
supervised_validation_MLP,imdb,f1_binary,0.0
supervised_validation_MLP,imdb,mcc,0.0
supervised_validation_MLP,imdb,acc,0.5
supervised_validation_MLP,imdb,auc,0.5
supervised_validation_MLP,imdb,f1_binary,0.0
supervised_validation_MLP,imdb,mcc,0.0
supervised_validation_MLP,imdb,acc,0.7888
supervised_validation_MLP,imdb,auc,0.86255424
supervised_validation_MLP,imdb,f1_binary,0.7865804365400162
supervised_validation_MLP,imdb,mcc,0.5777249869892408
supervised_validation_MLP,imdb,acc,0.7844
supervised_validation_MLP,imdb,auc,0.86505312
supervised_validation_MLP,imdb,f1_binary,0.7895353377586879
supervised_validation_MLP,imdb,mcc,0.5694784936206673
supervised_validation_MLP,imdb,acc,0.5
supervised_validation_MLP,imdb,auc,0.6291836799999999
supervised_validation_MLP,imdb,f1_binary,0.6666666666666666
supervised_validation_MLP,imdb,mcc,0.0
supervised_validation_MLP,imdb,acc,0.788
supervised_validation_MLP,imdb,auc,0.86657088
supervised_validation_MLP,imdb,f1_binary,0.7888446215139442
supervised_validation_MLP,imdb,mcc,0.5760184328847832
supervised_validation_MLP,imdb,acc,0.784
supervised_validation_MLP,imdb,auc,0.86560192
supervised_validation_MLP,imdb,f1_binary,0.7865612648221344
supervised_validation_MLP,imdb,mcc,0.5681636547022259
supervised_validation_MLP,imdb,acc,0.7884
supervised_validation_MLP,imdb,auc,0.8677206399999999
supervised_validation_MLP,imdb,f1_binary,0.7911567311488353
supervised_validation_MLP,imdb,mcc,0.5770011083934872
2stage_MLP_snorkel,imdb,acc,0.5
2stage_MLP_snorkel,imdb,auc,0.5016016
2stage_MLP_snorkel,imdb,f1_binary,0.0
2stage_MLP_snorkel,imdb,mcc,0.0
2stage_MLP_snorkel,imdb,acc,0.7496
2stage_MLP_snorkel,imdb,auc,0.8355103999999999
2stage_MLP_snorkel,imdb,f1_binary,0.75546875
2stage_MLP_snorkel,imdb,mcc,0.4997760740473018
2stage_MLP_snorkel,imdb,acc,0.7572
2stage_MLP_snorkel,imdb,auc,0.84064128
2stage_MLP_snorkel,imdb,f1_binary,0.7571028411364545
2stage_MLP_snorkel,imdb,mcc,0.514400164608079
2stage_MLP_snorkel,imdb,acc,0.5
2stage_MLP_snorkel,imdb,auc,0.49880448
2stage_MLP_snorkel,imdb,f1_binary,0.0
2stage_MLP_snorkel,imdb,mcc,0.0
2stage_MLP_snorkel,imdb,acc,0.5
2stage_MLP_snorkel,imdb,auc,0.60576224
2stage_MLP_snorkel,imdb,f1_binary,0.0
2stage_MLP_snorkel,imdb,mcc,0.0
2stage_MLP_snorkel,imdb,acc,0.5
2stage_MLP_snorkel,imdb,auc,0.6116864
2stage_MLP_snorkel,imdb,f1_binary,0.0
2stage_MLP_snorkel,imdb,mcc,0.0
2stage_MLP_snorkel,imdb,acc,0.5
2stage_MLP_snorkel,imdb,auc,0.5510291199999999
2stage_MLP_snorkel,imdb,f1_binary,0.6666666666666666
2stage_MLP_snorkel,imdb,mcc,0.0
2stage_MLP_snorkel,imdb,acc,0.5
2stage_MLP_snorkel,imdb,auc,0.58845184
2stage_MLP_snorkel,imdb,f1_binary,0.6666666666666666
2stage_MLP_snorkel,imdb,mcc,0.0
2stage_MLP_snorkel,imdb,acc,0.75
2stage_MLP_snorkel,imdb,auc,0.8335987199999999
2stage_MLP_snorkel,imdb,f1_binary,0.7500999600159937
2stage_MLP_snorkel,imdb,mcc,0.5000001600000769
2stage_MLP_snorkel,imdb,acc,0.7496
2stage_MLP_snorkel,imdb,auc,0.83023168
2stage_MLP_snorkel,imdb,f1_binary,0.752373417721519
2stage_MLP_snorkel,imdb,mcc,0.4993252864457671
2stage_MLP_flyingsquid_triplet_median,imdb,acc,0.5
2stage_MLP_flyingsquid_triplet_median,imdb,auc,0.49999872
2stage_MLP_flyingsquid_triplet_median,imdb,f1_binary,0.0
2stage_MLP_flyingsquid_triplet_median,imdb,mcc,0.0
2stage_MLP_flyingsquid_triplet_median,imdb,acc,0.5
2stage_MLP_flyingsquid_triplet_median,imdb,auc,0.43700543999999997
2stage_MLP_flyingsquid_triplet_median,imdb,f1_binary,0.6666666666666666
2stage_MLP_flyingsquid_triplet_median,imdb,mcc,0.0
2stage_MLP_flyingsquid_triplet_median,imdb,acc,0.5
2stage_MLP_flyingsquid_triplet_median,imdb,auc,0.55372288
2stage_MLP_flyingsquid_triplet_median,imdb,f1_binary,0.6666666666666666
2stage_MLP_flyingsquid_triplet_median,imdb,mcc,0.0
2stage_MLP_flyingsquid_triplet_median,imdb,acc,0.5
2stage_MLP_flyingsquid_triplet_median,imdb,auc,0.5
2stage_MLP_flyingsquid_triplet_median,imdb,f1_binary,0.6666666666666666
2stage_MLP_flyingsquid_triplet_median,imdb,mcc,0.0
2stage_MLP_flyingsquid_triplet_median,imdb,acc,0.6456
2stage_MLP_flyingsquid_triplet_median,imdb,auc,0.69618496
2stage_MLP_flyingsquid_triplet_median,imdb,f1_binary,0.6489698890649762
2stage_MLP_flyingsquid_triplet_median,imdb,mcc,0.29125368882834335
2stage_MLP_flyingsquid_triplet_median,imdb,acc,0.5
2stage_MLP_flyingsquid_triplet_median,imdb,auc,0.6255363199999999
2stage_MLP_flyingsquid_triplet_median,imdb,f1_binary,0.6666666666666666
2stage_MLP_flyingsquid_triplet_median,imdb,mcc,0.0
2stage_MLP_flyingsquid_triplet_median,imdb,acc,0.5
2stage_MLP_flyingsquid_triplet_median,imdb,auc,0.6064816000000001
2stage_MLP_flyingsquid_triplet_median,imdb,f1_binary,0.6666666666666666
2stage_MLP_flyingsquid_triplet_median,imdb,mcc,0.0
2stage_MLP_flyingsquid_triplet_median,imdb,acc,0.5
2stage_MLP_flyingsquid_triplet_median,imdb,auc,0.47981727999999996
2stage_MLP_flyingsquid_triplet_median,imdb,f1_binary,0.6666666666666666
2stage_MLP_flyingsquid_triplet_median,imdb,mcc,0.0
2stage_MLP_flyingsquid_triplet_median,imdb,acc,0.752
2stage_MLP_flyingsquid_triplet_median,imdb,auc,0.83743968
2stage_MLP_flyingsquid_triplet_median,imdb,f1_binary,0.749190938511327
2stage_MLP_flyingsquid_triplet_median,imdb,mcc,0.5041264911231302
2stage_MLP_flyingsquid_triplet_median,imdb,acc,0.5
2stage_MLP_flyingsquid_triplet_median,imdb,auc,0.5
2stage_MLP_flyingsquid_triplet_median,imdb,f1_binary,0.0
2stage_MLP_flyingsquid_triplet_median,imdb,mcc,0.0
2stage_MLP_flyingsquid_triplet_mean,imdb,acc,0.5
2stage_MLP_flyingsquid_triplet_mean,imdb,auc,0.49999872
2stage_MLP_flyingsquid_triplet_mean,imdb,f1_binary,0.0
2stage_MLP_flyingsquid_triplet_mean,imdb,mcc,0.0
2stage_MLP_flyingsquid_triplet_mean,imdb,acc,0.5
2stage_MLP_flyingsquid_triplet_mean,imdb,auc,0.53313856
2stage_MLP_flyingsquid_triplet_mean,imdb,f1_binary,0.6666666666666666
2stage_MLP_flyingsquid_triplet_mean,imdb,mcc,0.0
2stage_MLP_flyingsquid_triplet_mean,imdb,acc,0.5028
2stage_MLP_flyingsquid_triplet_mean,imdb,auc,0.59257312
2stage_MLP_flyingsquid_triplet_mean,imdb,f1_binary,0.6677358994921144
2stage_MLP_flyingsquid_triplet_mean,imdb,mcc,0.0467508941492169
2stage_MLP_flyingsquid_triplet_mean,imdb,acc,0.5
2stage_MLP_flyingsquid_triplet_mean,imdb,auc,0.5
2stage_MLP_flyingsquid_triplet_mean,imdb,f1_binary,0.6666666666666666
2stage_MLP_flyingsquid_triplet_mean,imdb,mcc,0.0
2stage_MLP_flyingsquid_triplet_mean,imdb,acc,0.7544
2stage_MLP_flyingsquid_triplet_mean,imdb,auc,0.83168704
2stage_MLP_flyingsquid_triplet_mean,imdb,f1_binary,0.7555732484076433
2stage_MLP_flyingsquid_triplet_mean,imdb,mcc,0.5088234471246778
2stage_MLP_flyingsquid_triplet_mean,imdb,acc,0.5
2stage_MLP_flyingsquid_triplet_mean,imdb,auc,0.618136
2stage_MLP_flyingsquid_triplet_mean,imdb,f1_binary,0.6666666666666666
2stage_MLP_flyingsquid_triplet_mean,imdb,mcc,0.0
2stage_MLP_flyingsquid_triplet_mean,imdb,acc,0.5
2stage_MLP_flyingsquid_triplet_mean,imdb,auc,0.6095792
2stage_MLP_flyingsquid_triplet_mean,imdb,f1_binary,0.6666666666666666
2stage_MLP_flyingsquid_triplet_mean,imdb,mcc,0.0
2stage_MLP_flyingsquid_triplet_mean,imdb,acc,0.5
2stage_MLP_flyingsquid_triplet_mean,imdb,auc,0.48945183999999997
2stage_MLP_flyingsquid_triplet_mean,imdb,f1_binary,0.6666666666666666
2stage_MLP_flyingsquid_triplet_mean,imdb,mcc,0.0
2stage_MLP_flyingsquid_triplet_mean,imdb,acc,0.756
2stage_MLP_flyingsquid_triplet_mean,imdb,auc,0.83523616
2stage_MLP_flyingsquid_triplet_mean,imdb,f1_binary,0.7432659932659933
2stage_MLP_flyingsquid_triplet_mean,imdb,mcc,0.5145379505701309
2stage_MLP_flyingsquid_triplet_mean,imdb,acc,0.5
2stage_MLP_flyingsquid_triplet_mean,imdb,auc,0.5
2stage_MLP_flyingsquid_triplet_mean,imdb,f1_binary,0.0
2stage_MLP_flyingsquid_triplet_mean,imdb,mcc,0.0
2stage_MLP_MV,imdb,acc,0.5
2stage_MLP_MV,imdb,auc,0.49999872
2stage_MLP_MV,imdb,f1_binary,0.0
2stage_MLP_MV,imdb,mcc,0.0
2stage_MLP_MV,imdb,acc,0.5
2stage_MLP_MV,imdb,auc,0.5036185599999999
2stage_MLP_MV,imdb,f1_binary,0.6666666666666666
2stage_MLP_MV,imdb,mcc,0.0
2stage_MLP_MV,imdb,acc,0.5
2stage_MLP_MV,imdb,auc,0.4996
2stage_MLP_MV,imdb,f1_binary,0.6666666666666666
2stage_MLP_MV,imdb,mcc,0.0
2stage_MLP_MV,imdb,acc,0.5
2stage_MLP_MV,imdb,auc,0.5
2stage_MLP_MV,imdb,f1_binary,0.6666666666666666
2stage_MLP_MV,imdb,mcc,0.0
2stage_MLP_MV,imdb,acc,0.7548
2stage_MLP_MV,imdb,auc,0.8335609599999999
2stage_MLP_MV,imdb,f1_binary,0.7598903251077165
2stage_MLP_MV,imdb,mcc,0.5100586877986694
2stage_MLP_MV,imdb,acc,0.75
2stage_MLP_MV,imdb,auc,0.8296723199999999
2stage_MLP_MV,imdb,f1_binary,0.7520825069416898
2stage_MLP_MV,imdb,mcc,0.5000705749396547
2stage_MLP_MV,imdb,acc,0.7484
2stage_MLP_MV,imdb,auc,0.8305888
2stage_MLP_MV,imdb,f1_binary,0.7497015519299642
2stage_MLP_MV,imdb,mcc,0.496826869123643
2stage_MLP_MV,imdb,acc,0.5
2stage_MLP_MV,imdb,auc,0.49901792
2stage_MLP_MV,imdb,f1_binary,0.6666666666666666
2stage_MLP_MV,imdb,mcc,0.0
2stage_MLP_MV,imdb,acc,0.7516
2stage_MLP_MV,imdb,auc,0.8291481599999999
2stage_MLP_MV,imdb,f1_binary,0.758647493198601
2stage_MLP_MV,imdb,mcc,0.5040602980962074
2stage_MLP_MV,imdb,acc,0.5
2stage_MLP_MV,imdb,auc,0.5
2stage_MLP_MV,imdb,f1_binary,0.0
2stage_MLP_MV,imdb,mcc,0.0
MLP_weasel,imdb,acc,0.7368
MLP_weasel,imdb,auc,0.81654912
MLP_weasel,imdb,f1_binary,0.733387358184765
MLP_weasel,imdb,mcc,0.4737552655683014
MLP_weasel,imdb,acc,0.7432
MLP_weasel,imdb,auc,0.8160940799999999
MLP_weasel,imdb,f1_binary,0.7450357426528992
MLP_weasel,imdb,mcc,0.4864504377962216
MLP_weasel,imdb,acc,0.7284
MLP_weasel,imdb,auc,0.8054096
MLP_weasel,imdb,f1_binary,0.7417268923545074
MLP_weasel,imdb,mcc,0.4592521190349895
MLP_weasel,imdb,acc,0.7276
MLP_weasel,imdb,auc,0.8007279999999999
MLP_weasel,imdb,f1_binary,0.7281437125748503
MLP_weasel,imdb,mcc,0.45520364164369975
MLP_weasel,imdb,acc,0.7368
MLP_weasel,imdb,auc,0.8131068800000001
MLP_weasel,imdb,f1_binary,0.7363782051282052
MLP_weasel,imdb,mcc,0.4736024248506228
MLP_weasel,imdb,acc,0.7204
MLP_weasel,imdb,auc,0.8031110400000001
MLP_weasel,imdb,f1_binary,0.727909692487349
MLP_weasel,imdb,mcc,0.4414731062434211
MLP_weasel,imdb,acc,0.712
MLP_weasel,imdb,auc,0.7872176
MLP_weasel,imdb,f1_binary,0.7068403908794789
MLP_weasel,imdb,mcc,0.42426292083231426
MLP_weasel,imdb,acc,0.7288
MLP_weasel,imdb,auc,0.80252448
MLP_weasel,imdb,f1_binary,0.7412213740458016
MLP_weasel,imdb,mcc,0.45972330843152287
MLP_weasel,imdb,acc,0.7352
MLP_weasel,imdb,auc,0.80297728
MLP_weasel,imdb,f1_binary,0.7271228359439407
MLP_weasel,imdb,mcc,0.47122646430846027
MLP_weasel,imdb,acc,0.7264
MLP_weasel,imdb,auc,0.80611264
MLP_weasel,imdb,f1_binary,0.7334372564302416
MLP_weasel,imdb,mcc,0.4534324897438185
Ground_truth_MLP,imdb_136,acc,0.8532121212121212
Ground_truth_MLP,imdb_136,auc,0.9394135967346939
Ground_truth_MLP,imdb_136,f1_binary,0.8455291466473915
Ground_truth_MLP,imdb_136,mcc,0.711853630133551
Ground_truth_MLP,imdb_136,acc,0.847030303030303
Ground_truth_MLP,imdb_136,auc,0.9320388865306124
Ground_truth_MLP,imdb_136,f1_binary,0.8403609377635353
Ground_truth_MLP,imdb_136,mcc,0.6981105910697671
Ground_truth_MLP,imdb_136,acc,0.8378181818181818
Ground_truth_MLP,imdb_136,auc,0.9345874318367347
Ground_truth_MLP,imdb_136,f1_binary,0.823529411764706
Ground_truth_MLP,imdb_136,mcc,0.6876618150327184
Ground_truth_MLP,imdb_136,acc,0.8468686868686869
Ground_truth_MLP,imdb_136,auc,0.938230987755102
Ground_truth_MLP,imdb_136,f1_binary,0.8362426546837194
Ground_truth_MLP,imdb_136,mcc,0.7020882428788194
Ground_truth_MLP,imdb_136,acc,0.8592323232323232
Ground_truth_MLP,imdb_136,auc,0.9398888489795919
Ground_truth_MLP,imdb_136,f1_binary,0.8550628172060902
Ground_truth_MLP,imdb_136,mcc,0.7208352167292991
Ground_truth_MLP,imdb_136,acc,0.6380606060606061
Ground_truth_MLP,imdb_136,auc,0.8457402579591836
Ground_truth_MLP,imdb_136,f1_binary,0.46589554018602436
Ground_truth_MLP,imdb_136,mcc,0.3741001664972079
Ground_truth_MLP,imdb_136,acc,0.8557575757575757
Ground_truth_MLP,imdb_136,auc,0.9397933877551021
Ground_truth_MLP,imdb_136,f1_binary,0.8494560175423801
Ground_truth_MLP,imdb_136,mcc,0.7156556676272218
Ground_truth_MLP,imdb_136,acc,0.8536969696969697
Ground_truth_MLP,imdb_136,auc,0.938111438367347
Ground_truth_MLP,imdb_136,f1_binary,0.8477995880795259
Ground_truth_MLP,imdb_136,mcc,0.7110480904582113
Ground_truth_MLP,imdb_136,acc,0.8461818181818181
Ground_truth_MLP,imdb_136,auc,0.9365576163265306
Ground_truth_MLP,imdb_136,f1_binary,0.8373702422145328
Ground_truth_MLP,imdb_136,mcc,0.6985143829095417
Ground_truth_MLP,imdb_136,acc,0.8492929292929293
Ground_truth_MLP,imdb_136,auc,0.9325356114285716
Ground_truth_MLP,imdb_136,f1_binary,0.8444407373425641
Ground_truth_MLP,imdb_136,mcc,0.7011981996529612
supervised_validation_MLP,imdb_136,acc,0.494949494949495
supervised_validation_MLP,imdb_136,auc,0.6852190791836735
supervised_validation_MLP,imdb_136,f1_binary,0.0
supervised_validation_MLP,imdb_136,mcc,0.0
supervised_validation_MLP,imdb_136,acc,0.494949494949495
supervised_validation_MLP,imdb_136,auc,0.6898607346938777
supervised_validation_MLP,imdb_136,f1_binary,0.0
supervised_validation_MLP,imdb_136,mcc,0.0
supervised_validation_MLP,imdb_136,acc,0.494949494949495
supervised_validation_MLP,imdb_136,auc,0.6805457012244898
supervised_validation_MLP,imdb_136,f1_binary,0.0
supervised_validation_MLP,imdb_136,mcc,0.0
supervised_validation_MLP,imdb_136,acc,0.494949494949495
supervised_validation_MLP,imdb_136,auc,0.672834213877551
supervised_validation_MLP,imdb_136,f1_binary,0.0
supervised_validation_MLP,imdb_136,mcc,0.0
supervised_validation_MLP,imdb_136,acc,0.494949494949495
supervised_validation_MLP,imdb_136,auc,0.693960695510204
supervised_validation_MLP,imdb_136,f1_binary,0.0
supervised_validation_MLP,imdb_136,mcc,0.0
supervised_validation_MLP,imdb_136,acc,0.494949494949495
supervised_validation_MLP,imdb_136,auc,0.6802914187755102
supervised_validation_MLP,imdb_136,f1_binary,0.0
supervised_validation_MLP,imdb_136,mcc,0.0
supervised_validation_MLP,imdb_136,acc,0.494949494949495
supervised_validation_MLP,imdb_136,auc,0.6916144555102041
supervised_validation_MLP,imdb_136,f1_binary,0.0
supervised_validation_MLP,imdb_136,mcc,0.0
supervised_validation_MLP,imdb_136,acc,0.494949494949495
supervised_validation_MLP,imdb_136,auc,0.6790770057142856
supervised_validation_MLP,imdb_136,f1_binary,0.0
supervised_validation_MLP,imdb_136,mcc,0.0
supervised_validation_MLP,imdb_136,acc,0.494949494949495
supervised_validation_MLP,imdb_136,auc,0.6698011951020408
supervised_validation_MLP,imdb_136,f1_binary,0.0
supervised_validation_MLP,imdb_136,mcc,0.0
supervised_validation_MLP,imdb_136,acc,0.494949494949495
supervised_validation_MLP,imdb_136,auc,0.686006932244898
supervised_validation_MLP,imdb_136,f1_binary,0.0
supervised_validation_MLP,imdb_136,mcc,0.0
2stage_MLP_snorkel,imdb_136,acc,0.494949494949495
2stage_MLP_snorkel,imdb_136,auc,0.7384525975510203
2stage_MLP_snorkel,imdb_136,f1_binary,0.0
2stage_MLP_snorkel,imdb_136,mcc,0.0
2stage_MLP_snorkel,imdb_136,acc,0.494949494949495
2stage_MLP_snorkel,imdb_136,auc,0.7000862726530612
2stage_MLP_snorkel,imdb_136,f1_binary,0.0
2stage_MLP_snorkel,imdb_136,mcc,0.0
2stage_MLP_snorkel,imdb_136,acc,0.494949494949495
2stage_MLP_snorkel,imdb_136,auc,0.7200470073469387
2stage_MLP_snorkel,imdb_136,f1_binary,0.0
2stage_MLP_snorkel,imdb_136,mcc,0.0
2stage_MLP_snorkel,imdb_136,acc,0.494949494949495
2stage_MLP_snorkel,imdb_136,auc,0.7348164963265307
2stage_MLP_snorkel,imdb_136,f1_binary,0.0
2stage_MLP_snorkel,imdb_136,mcc,0.0
2stage_MLP_snorkel,imdb_136,acc,0.494949494949495
2stage_MLP_snorkel,imdb_136,auc,0.4633092963265307
2stage_MLP_snorkel,imdb_136,f1_binary,0.0
2stage_MLP_snorkel,imdb_136,mcc,0.0
2stage_MLP_snorkel,imdb_136,acc,0.494949494949495
2stage_MLP_snorkel,imdb_136,auc,0.7408819657142857
2stage_MLP_snorkel,imdb_136,f1_binary,0.0
2stage_MLP_snorkel,imdb_136,mcc,0.0
2stage_MLP_snorkel,imdb_136,acc,0.494949494949495
2stage_MLP_snorkel,imdb_136,auc,0.76929904
2stage_MLP_snorkel,imdb_136,f1_binary,0.0
2stage_MLP_snorkel,imdb_136,mcc,0.0
2stage_MLP_snorkel,imdb_136,acc,0.494949494949495
2stage_MLP_snorkel,imdb_136,auc,0.7447729044897959
2stage_MLP_snorkel,imdb_136,f1_binary,0.0
2stage_MLP_snorkel,imdb_136,mcc,0.0
2stage_MLP_snorkel,imdb_136,acc,0.494949494949495
2stage_MLP_snorkel,imdb_136,auc,0.5146296881632654
2stage_MLP_snorkel,imdb_136,f1_binary,0.0
2stage_MLP_snorkel,imdb_136,mcc,0.0
2stage_MLP_snorkel,imdb_136,acc,0.494949494949495
2stage_MLP_snorkel,imdb_136,auc,0.7448805191836736
2stage_MLP_snorkel,imdb_136,f1_binary,0.0
2stage_MLP_snorkel,imdb_136,mcc,0.0
2stage_MLP_flyingsquid_triplet_median,imdb_136,acc,0.494949494949495
2stage_MLP_flyingsquid_triplet_median,imdb_136,auc,0.460239627755102
2stage_MLP_flyingsquid_triplet_median,imdb_136,f1_binary,0.0
2stage_MLP_flyingsquid_triplet_median,imdb_136,mcc,0.0
2stage_MLP_flyingsquid_triplet_median,imdb_136,acc,0.494949494949495
2stage_MLP_flyingsquid_triplet_median,imdb_136,auc,0.4315905240816327
2stage_MLP_flyingsquid_triplet_median,imdb_136,f1_binary,0.0
2stage_MLP_flyingsquid_triplet_median,imdb_136,mcc,0.0
2stage_MLP_flyingsquid_triplet_median,imdb_136,acc,0.494949494949495
2stage_MLP_flyingsquid_triplet_median,imdb_136,auc,0.4471052212244898
2stage_MLP_flyingsquid_triplet_median,imdb_136,f1_binary,0.0
2stage_MLP_flyingsquid_triplet_median,imdb_136,mcc,0.0
2stage_MLP_flyingsquid_triplet_median,imdb_136,acc,0.494949494949495
2stage_MLP_flyingsquid_triplet_median,imdb_136,auc,0.3803207771428571
2stage_MLP_flyingsquid_triplet_median,imdb_136,f1_binary,0.0
2stage_MLP_flyingsquid_triplet_median,imdb_136,mcc,0.0
2stage_MLP_flyingsquid_triplet_median,imdb_136,acc,0.494949494949495
2stage_MLP_flyingsquid_triplet_median,imdb_136,auc,0.4931865893877551
2stage_MLP_flyingsquid_triplet_median,imdb_136,f1_binary,0.0
2stage_MLP_flyingsquid_triplet_median,imdb_136,mcc,0.0
2stage_MLP_flyingsquid_triplet_median,imdb_136,acc,0.494949494949495
2stage_MLP_flyingsquid_triplet_median,imdb_136,auc,0.444257841632653
2stage_MLP_flyingsquid_triplet_median,imdb_136,f1_binary,0.0
2stage_MLP_flyingsquid_triplet_median,imdb_136,mcc,0.0
2stage_MLP_flyingsquid_triplet_median,imdb_136,acc,0.494949494949495
2stage_MLP_flyingsquid_triplet_median,imdb_136,auc,0.4643925093877551
2stage_MLP_flyingsquid_triplet_median,imdb_136,f1_binary,0.0
2stage_MLP_flyingsquid_triplet_median,imdb_136,mcc,0.0
2stage_MLP_flyingsquid_triplet_median,imdb_136,acc,0.494949494949495
2stage_MLP_flyingsquid_triplet_median,imdb_136,auc,0.44590958040816325
2stage_MLP_flyingsquid_triplet_median,imdb_136,f1_binary,0.0
2stage_MLP_flyingsquid_triplet_median,imdb_136,mcc,0.0
2stage_MLP_flyingsquid_triplet_median,imdb_136,acc,0.494949494949495
2stage_MLP_flyingsquid_triplet_median,imdb_136,auc,0.4316233110204082
2stage_MLP_flyingsquid_triplet_median,imdb_136,f1_binary,0.0
2stage_MLP_flyingsquid_triplet_median,imdb_136,mcc,0.0
2stage_MLP_flyingsquid_triplet_median,imdb_136,acc,0.494949494949495
2stage_MLP_flyingsquid_triplet_median,imdb_136,auc,0.4457162938775511
2stage_MLP_flyingsquid_triplet_median,imdb_136,f1_binary,0.0
2stage_MLP_flyingsquid_triplet_median,imdb_136,mcc,0.0
2stage_MLP_flyingsquid_triplet_mean,imdb_136,acc,0.494949494949495
2stage_MLP_flyingsquid_triplet_mean,imdb_136,auc,0.5026531853061225
2stage_MLP_flyingsquid_triplet_mean,imdb_136,f1_binary,0.0
2stage_MLP_flyingsquid_triplet_mean,imdb_136,mcc,0.0
2stage_MLP_flyingsquid_triplet_mean,imdb_136,acc,0.494949494949495
2stage_MLP_flyingsquid_triplet_mean,imdb_136,auc,0.4581449959183673
2stage_MLP_flyingsquid_triplet_mean,imdb_136,f1_binary,0.0
2stage_MLP_flyingsquid_triplet_mean,imdb_136,mcc,0.0
2stage_MLP_flyingsquid_triplet_mean,imdb_136,acc,0.494949494949495
2stage_MLP_flyingsquid_triplet_mean,imdb_136,auc,0.4928176065306123
2stage_MLP_flyingsquid_triplet_mean,imdb_136,f1_binary,0.0
2stage_MLP_flyingsquid_triplet_mean,imdb_136,mcc,0.0
2stage_MLP_flyingsquid_triplet_mean,imdb_136,acc,0.494949494949495
2stage_MLP_flyingsquid_triplet_mean,imdb_136,auc,0.41656973387755103
2stage_MLP_flyingsquid_triplet_mean,imdb_136,f1_binary,0.0
2stage_MLP_flyingsquid_triplet_mean,imdb_136,mcc,0.0
2stage_MLP_flyingsquid_triplet_mean,imdb_136,acc,0.494949494949495
2stage_MLP_flyingsquid_triplet_mean,imdb_136,auc,0.5402610742857143
2stage_MLP_flyingsquid_triplet_mean,imdb_136,f1_binary,0.0
2stage_MLP_flyingsquid_triplet_mean,imdb_136,mcc,0.0
2stage_MLP_flyingsquid_triplet_mean,imdb_136,acc,0.494949494949495
2stage_MLP_flyingsquid_triplet_mean,imdb_136,auc,0.4854295575510204
2stage_MLP_flyingsquid_triplet_mean,imdb_136,f1_binary,0.0
2stage_MLP_flyingsquid_triplet_mean,imdb_136,mcc,0.0
2stage_MLP_flyingsquid_triplet_mean,imdb_136,acc,0.494949494949495
2stage_MLP_flyingsquid_triplet_mean,imdb_136,auc,0.49284556408163266
2stage_MLP_flyingsquid_triplet_mean,imdb_136,f1_binary,0.0
2stage_MLP_flyingsquid_triplet_mean,imdb_136,mcc,0.0
2stage_MLP_flyingsquid_triplet_mean,imdb_136,acc,0.494949494949495
2stage_MLP_flyingsquid_triplet_mean,imdb_136,auc,0.4735522351020408
2stage_MLP_flyingsquid_triplet_mean,imdb_136,f1_binary,0.0
2stage_MLP_flyingsquid_triplet_mean,imdb_136,mcc,0.0
2stage_MLP_flyingsquid_triplet_mean,imdb_136,acc,0.494949494949495
2stage_MLP_flyingsquid_triplet_mean,imdb_136,auc,0.48384878693877553
2stage_MLP_flyingsquid_triplet_mean,imdb_136,f1_binary,0.0
2stage_MLP_flyingsquid_triplet_mean,imdb_136,mcc,0.0
2stage_MLP_flyingsquid_triplet_mean,imdb_136,acc,0.494949494949495
2stage_MLP_flyingsquid_triplet_mean,imdb_136,auc,0.46616679510204084
2stage_MLP_flyingsquid_triplet_mean,imdb_136,f1_binary,0.0
2stage_MLP_flyingsquid_triplet_mean,imdb_136,mcc,0.0
2stage_MLP_MV,imdb_136,acc,0.7658989898989899
2stage_MLP_MV,imdb_136,auc,0.8603689502040816
2stage_MLP_MV,imdb_136,f1_binary,0.7935433295324973
2stage_MLP_MV,imdb_136,mcc,0.5477208186551644
2stage_MLP_MV,imdb_136,acc,0.7588282828282829
2stage_MLP_MV,imdb_136,auc,0.8564273208163264
2stage_MLP_MV,imdb_136,f1_binary,0.7873151612328524
2stage_MLP_MV,imdb_136,mcc,0.5330953957466522
2stage_MLP_MV,imdb_136,acc,0.7573737373737374
2stage_MLP_MV,imdb_136,auc,0.8488246106122449
2stage_MLP_MV,imdb_136,f1_binary,0.7778476563945101
2stage_MLP_MV,imdb_136,mcc,0.5209815299669107
2stage_MLP_MV,imdb_136,acc,0.7398383838383839
2stage_MLP_MV,imdb_136,auc,0.8284958138775509
2stage_MLP_MV,imdb_136,f1_binary,0.7678384712457185
2stage_MLP_MV,imdb_136,mcc,0.49064985072705475
2stage_MLP_MV,imdb_136,acc,0.7496161616161616
2stage_MLP_MV,imdb_136,auc,0.8516512653061225
2stage_MLP_MV,imdb_136,f1_binary,0.7785757673205416
2stage_MLP_MV,imdb_136,mcc,0.5132101069344059
2stage_MLP_MV,imdb_136,acc,0.7434747474747475
2stage_MLP_MV,imdb_136,auc,0.836731386122449
2stage_MLP_MV,imdb_136,f1_binary,0.7701053698808705
2stage_MLP_MV,imdb_136,mcc,0.4970922271852054
2stage_MLP_MV,imdb_136,acc,0.7544242424242424
2stage_MLP_MV,imdb_136,auc,0.8469204375510205
2stage_MLP_MV,imdb_136,f1_binary,0.7815554916618747
2stage_MLP_MV,imdb_136,mcc,0.521490932589119
2stage_MLP_MV,imdb_136,acc,0.7479595959595959
2stage_MLP_MV,imdb_136,auc,0.835106001632653
2stage_MLP_MV,imdb_136,f1_binary,0.7719695861968124
2stage_MLP_MV,imdb_136,mcc,0.5041552539873837
2stage_MLP_MV,imdb_136,acc,0.7519595959595959
2stage_MLP_MV,imdb_136,auc,0.8407062759183673
2stage_MLP_MV,imdb_136,f1_binary,0.77628366313181
2stage_MLP_MV,imdb_136,mcc,0.5129998144608542
2stage_MLP_MV,imdb_136,acc,0.7494949494949495
2stage_MLP_MV,imdb_136,auc,0.8447462302040818
2stage_MLP_MV,imdb_136,f1_binary,0.7753460395680847
2stage_MLP_MV,imdb_136,mcc,0.5092745459292065
MLP_weasel,imdb_136,acc,0.4951919191919192
MLP_weasel,imdb_136,auc,0.539012747755102
MLP_weasel,imdb_136,f1_binary,0.0020766773162939293
MLP_weasel,imdb_136,mcc,0.008244641926816185
MLP_weasel,imdb_136,acc,0.494949494949495
MLP_weasel,imdb_136,auc,0.4783255020408163
MLP_weasel,imdb_136,f1_binary,0.0
MLP_weasel,imdb_136,mcc,0.0
MLP_weasel,imdb_136,acc,0.49377777777777776
MLP_weasel,imdb_136,auc,0.4561055118367347
MLP_weasel,imdb_136,f1_binary,0.007918283316177053
MLP_weasel,imdb_136,mcc,-0.017004368879879987
MLP_weasel,imdb_136,acc,0.4921616161616162
MLP_weasel,imdb_136,auc,0.4215688653061225
MLP_weasel,imdb_136,f1_binary,0.009925167388735725
MLP_weasel,imdb_136,mcc,-0.03243454670117634
MLP_weasel,imdb_136,acc,0.49276767676767674
MLP_weasel,imdb_136,auc,0.4595901485714286
MLP_weasel,imdb_136,f1_binary,0.006646621300838741
MLP_weasel,imdb_136,mcc,-0.030058784293015645
MLP_weasel,imdb_136,acc,0.4953131313131313
MLP_weasel,imdb_136,auc,0.5292139167346939
MLP_weasel,imdb_136,f1_binary,0.005731115179495344
MLP_weasel,imdb_136,mcc,0.006706761547503215
MLP_weasel,imdb_136,acc,0.49624242424242426
MLP_weasel,imdb_136,auc,0.5471902465306122
MLP_weasel,imdb_136,f1_binary,0.012044374009508717
MLP_weasel,imdb_136,mcc,0.01790931997806202
MLP_weasel,imdb_136,acc,0.49507070707070705
MLP_weasel,imdb_136,auc,0.5130809795918367
MLP_weasel,imdb_136,f1_binary,0.00047988482764136606
MLP_weasel,imdb_136,mcc,0.010899645822875576
MLP_weasel,imdb_136,acc,0.494949494949495
MLP_weasel,imdb_136,auc,0.46559368816326535
MLP_weasel,imdb_136,f1_binary,0.0
MLP_weasel,imdb_136,mcc,0.0
MLP_weasel,imdb_136,acc,0.49486868686868685
MLP_weasel,imdb_136,auc,0.41795436081632653
MLP_weasel,imdb_136,f1_binary,0.0007992327365728901
MLP_weasel,imdb_136,mcc,-0.0038934386991701787
Ground_truth_MLP,amazon,acc,0.918062893081761
Ground_truth_MLP,amazon,auc,0.9765206237027204
Ground_truth_MLP,amazon,f1_binary,0.917000076450651
Ground_truth_MLP,amazon,mcc,0.8364193556113616
Ground_truth_MLP,amazon,acc,0.9131572327044025
Ground_truth_MLP,amazon,auc,0.973845660728287
Ground_truth_MLP,amazon,f1_binary,0.912010603588907
Ground_truth_MLP,amazon,mcc,0.8266147236597283
Ground_truth_MLP,amazon,acc,0.9115974842767296
Ground_truth_MLP,amazon,auc,0.9737067953128055
Ground_truth_MLP,amazon,f1_binary,0.9092318024487266
Ground_truth_MLP,amazon,mcc,0.8243542527019487
Ground_truth_MLP,amazon,acc,0.8976603773584906
Ground_truth_MLP,amazon,auc,0.9682953641919946
Ground_truth_MLP,amazon,f1_binary,0.8931778793130613
Ground_truth_MLP,amazon,mcc,0.798197837949747
Ground_truth_MLP,amazon,acc,0.9101132075471698
Ground_truth_MLP,amazon,auc,0.9757650648603183
Ground_truth_MLP,amazon,f1_binary,0.9063654707932597
Ground_truth_MLP,amazon,mcc,0.8229264493557099
Ground_truth_MLP,amazon,acc,0.9064654088050315
Ground_truth_MLP,amazon,auc,0.971095176678369
Ground_truth_MLP,amazon,f1_binary,0.9035388127853882
Ground_truth_MLP,amazon,mcc,0.814476287689822
Ground_truth_MLP,amazon,acc,0.919496855345912
Ground_truth_MLP,amazon,auc,0.976154549516595
Ground_truth_MLP,amazon,f1_binary,0.9193101013666851
Ground_truth_MLP,amazon,mcc,0.8390064238763626
Ground_truth_MLP,amazon,acc,0.9211572327044025
Ground_truth_MLP,amazon,auc,0.9783412266637265
Ground_truth_MLP,amazon,f1_binary,0.9198055271238483
Ground_truth_MLP,amazon,mcc,0.8428188062294872
Ground_truth_MLP,amazon,acc,0.9080503144654088
Ground_truth_MLP,amazon,auc,0.9740867423701316
Ground_truth_MLP,amazon,f1_binary,0.9045816473045295
Ground_truth_MLP,amazon,mcc,0.818319856421727
Ground_truth_MLP,amazon,acc,0.921811320754717
Ground_truth_MLP,amazon,auc,0.9786681720115833
Ground_truth_MLP,amazon,f1_binary,0.9201110425663171
Ground_truth_MLP,amazon,mcc,0.8444198902921063
supervised_validation_MLP,amazon,acc,0.7895345911949686
supervised_validation_MLP,amazon,auc,0.8737425194750746
supervised_validation_MLP,amazon,f1_binary,0.7910902462168506
supervised_validation_MLP,amazon,mcc,0.5791242010485083
supervised_validation_MLP,amazon,acc,0.7900377358490566
supervised_validation_MLP,amazon,auc,0.8721866896276524
supervised_validation_MLP,amazon,f1_binary,0.7857032814666461
supervised_validation_MLP,amazon,mcc,0.5805767034706036
supervised_validation_MLP,amazon,acc,0.78737106918239
supervised_validation_MLP,amazon,auc,0.871010070157717
supervised_validation_MLP,amazon,f1_binary,0.7875207401075972
supervised_validation_MLP,amazon,mcc,0.5747420708742368
supervised_validation_MLP,amazon,acc,0.7842767295597485
supervised_validation_MLP,amazon,auc,0.8664483334113515
supervised_validation_MLP,amazon,f1_binary,0.7826968399178935
supervised_validation_MLP,amazon,mcc,0.5686230118814846
supervised_validation_MLP,amazon,acc,0.7812075471698113
supervised_validation_MLP,amazon,auc,0.8667335031897643
supervised_validation_MLP,amazon,f1_binary,0.7748349514563106
supervised_validation_MLP,amazon,mcc,0.5633542015838781
supervised_validation_MLP,amazon,acc,0.7886540880503145
supervised_validation_MLP,amazon,auc,0.8718449094211759
supervised_validation_MLP,amazon,f1_binary,0.787912448562268
supervised_validation_MLP,amazon,mcc,0.5773269912772341
supervised_validation_MLP,amazon,acc,0.7880754716981132
supervised_validation_MLP,amazon,auc,0.8713702990044994
supervised_validation_MLP,amazon,f1_binary,0.7913818722139672
supervised_validation_MLP,amazon,mcc,0.5764207396420765
supervised_validation_MLP,amazon,acc,0.7898113207547169
supervised_validation_MLP,amazon,auc,0.8739671853079226
supervised_validation_MLP,amazon,f1_binary,0.7844705275377274
supervised_validation_MLP,amazon,mcc,0.5803676165736147
supervised_validation_MLP,amazon,acc,0.7866666666666666
supervised_validation_MLP,amazon,auc,0.8696815022434015
supervised_validation_MLP,amazon,f1_binary,0.7854033809089989
supervised_validation_MLP,amazon,mcc,0.5733807864065129
supervised_validation_MLP,amazon,acc,0.7855094339622641
supervised_validation_MLP,amazon,auc,0.8720336969206132
supervised_validation_MLP,amazon,f1_binary,0.7867647058823529
supervised_validation_MLP,amazon,mcc,0.5710512571519455
2stage_MLP_snorkel,amazon,acc,0.7673207547169811
2stage_MLP_snorkel,amazon,auc,0.8517102962938718
2stage_MLP_snorkel,amazon,f1_binary,0.8029318390045384
2stage_MLP_snorkel,amazon,mcc,0.5731473624953476
2stage_MLP_snorkel,amazon,acc,0.7562012578616352
2stage_MLP_snorkel,amazon,auc,0.8477294860290326
2stage_MLP_snorkel,amazon,f1_binary,0.7951379346792095
2stage_MLP_snorkel,amazon,mcc,0.5537235373821904
2stage_MLP_snorkel,amazon,acc,0.755874213836478
2stage_MLP_snorkel,amazon,auc,0.8555836918029667
2stage_MLP_snorkel,amazon,f1_binary,0.7977912065013544
2stage_MLP_snorkel,amazon,mcc,0.5620597506402417
2stage_MLP_snorkel,amazon,acc,0.7476729559748427
2stage_MLP_snorkel,amazon,auc,0.8531367514911647
2stage_MLP_snorkel,amazon,f1_binary,0.7918050481567586
2stage_MLP_snorkel,amazon,mcc,0.5466272795019746
2stage_MLP_snorkel,amazon,acc,0.7856603773584906
2stage_MLP_snorkel,amazon,auc,0.8498242275574557
2stage_MLP_snorkel,amazon,f1_binary,0.7889417360285375
2stage_MLP_snorkel,amazon,mcc,0.5715777201768759
2stage_MLP_snorkel,amazon,acc,0.769308176100629
2stage_MLP_snorkel,amazon,auc,0.8526354661759767
2stage_MLP_snorkel,amazon,f1_binary,0.8031343924431087
2stage_MLP_snorkel,amazon,mcc,0.5733091735140414
2stage_MLP_snorkel,amazon,acc,0.7739622641509434
2stage_MLP_snorkel,amazon,auc,0.8636015746731558
2stage_MLP_snorkel,amazon,f1_binary,0.8061614135007442
2stage_MLP_snorkel,amazon,mcc,0.5806922480470955
2stage_MLP_snorkel,amazon,acc,0.7581383647798742
2stage_MLP_snorkel,amazon,auc,0.8543170746126633
2stage_MLP_snorkel,amazon,f1_binary,0.7966151893378464
2stage_MLP_snorkel,amazon,mcc,0.5574777789253992
2stage_MLP_snorkel,amazon,acc,0.7659119496855346
2stage_MLP_snorkel,amazon,auc,0.8308647073779454
2stage_MLP_snorkel,amazon,f1_binary,0.7925352834942365
2stage_MLP_snorkel,amazon,mcc,0.550088173086595
2stage_MLP_snorkel,amazon,acc,0.7594968553459119
2stage_MLP_snorkel,amazon,auc,0.8585424246109636
2stage_MLP_snorkel,amazon,f1_binary,0.7968809756512131
2stage_MLP_snorkel,amazon,mcc,0.5579315229429798
2stage_MLP_flyingsquid_triplet_median,amazon,acc,0.508880503144654
2stage_MLP_flyingsquid_triplet_median,amazon,auc,0.5164836177175309
2stage_MLP_flyingsquid_triplet_median,amazon,f1_binary,0.5444532599057263
2stage_MLP_flyingsquid_triplet_median,amazon,mcc,0.017917023324105663
2stage_MLP_flyingsquid_triplet_median,amazon,acc,0.5168301886792452
2stage_MLP_flyingsquid_triplet_median,amazon,auc,0.5103208326519572
2stage_MLP_flyingsquid_triplet_median,amazon,f1_binary,0.32201355549279864
2stage_MLP_flyingsquid_triplet_median,amazon,mcc,0.04142818617390929
2stage_MLP_flyingsquid_triplet_median,amazon,acc,0.4997987421383648
2stage_MLP_flyingsquid_triplet_median,amazon,auc,0.5038642781467538
2stage_MLP_flyingsquid_triplet_median,amazon,f1_binary,0.0
2stage_MLP_flyingsquid_triplet_median,amazon,mcc,0.0
2stage_MLP_flyingsquid_triplet_median,amazon,acc,0.4997987421383648
2stage_MLP_flyingsquid_triplet_median,amazon,auc,0.4333897570176989
2stage_MLP_flyingsquid_triplet_median,amazon,f1_binary,0.0
2stage_MLP_flyingsquid_triplet_median,amazon,mcc,0.0
2stage_MLP_flyingsquid_triplet_median,amazon,acc,0.49856603773584907
2stage_MLP_flyingsquid_triplet_median,amazon,auc,0.438406942910282
2stage_MLP_flyingsquid_triplet_median,amazon,f1_binary,0.0022026431718061676
2stage_MLP_flyingsquid_triplet_median,amazon,mcc,-0.025534441812229178
2stage_MLP_flyingsquid_triplet_median,amazon,acc,0.5013081761006289
2stage_MLP_flyingsquid_triplet_median,amazon,auc,0.49091264027444226
2stage_MLP_flyingsquid_triplet_median,amazon,f1_binary,0.03042308632917584
2stage_MLP_flyingsquid_triplet_median,amazon,mcc,0.012736969043838657
2stage_MLP_flyingsquid_triplet_median,amazon,acc,0.49851572327044025
2stage_MLP_flyingsquid_triplet_median,amazon,auc,0.4585895554124765
2stage_MLP_flyingsquid_triplet_median,amazon,f1_binary,0.01258173172181494
2stage_MLP_flyingsquid_triplet_median,amazon,mcc,-0.014739015977058996
2stage_MLP_flyingsquid_triplet_median,amazon,acc,0.4997987421383648
2stage_MLP_flyingsquid_triplet_median,amazon,auc,0.4717414600788347
2stage_MLP_flyingsquid_triplet_median,amazon,f1_binary,0.0
2stage_MLP_flyingsquid_triplet_median,amazon,mcc,0.0
2stage_MLP_flyingsquid_triplet_median,amazon,acc,0.500754716981132
2stage_MLP_flyingsquid_triplet_median,amazon,auc,0.5076686801713111
2stage_MLP_flyingsquid_triplet_median,amazon,f1_binary,0.008790769691823585
2stage_MLP_flyingsquid_triplet_median,amazon,mcc,0.016229136063432573
2stage_MLP_flyingsquid_triplet_median,amazon,acc,0.5000503144654088
2stage_MLP_flyingsquid_triplet_median,amazon,auc,0.5171107221267164
2stage_MLP_flyingsquid_triplet_median,amazon,f1_binary,0.0012062119917575513
2stage_MLP_flyingsquid_triplet_median,amazon,mcc,0.01339982542562592
2stage_MLP_flyingsquid_triplet_mean,amazon,acc,0.7594465408805031
2stage_MLP_flyingsquid_triplet_mean,amazon,auc,0.8040302240143902
2stage_MLP_flyingsquid_triplet_mean,amazon,f1_binary,0.781968259759212
2stage_MLP_flyingsquid_triplet_mean,amazon,mcc,0.5302029976718695
2stage_MLP_flyingsquid_triplet_mean,amazon,acc,0.7538616352201258
2stage_MLP_flyingsquid_triplet_mean,amazon,auc,0.797866894666461
2stage_MLP_flyingsquid_triplet_mean,amazon,f1_binary,0.7796495653348947
2stage_MLP_flyingsquid_triplet_mean,amazon,mcc,0.5220813725279027
2stage_MLP_flyingsquid_triplet_mean,amazon,acc,0.7604276729559748
2stage_MLP_flyingsquid_triplet_mean,amazon,auc,0.8076048363573202
2stage_MLP_flyingsquid_triplet_mean,amazon,f1_binary,0.7867332542046447
2stage_MLP_flyingsquid_triplet_mean,amazon,mcc,0.5373072747347538
2stage_MLP_flyingsquid_triplet_mean,amazon,acc,0.7509937106918239
2stage_MLP_flyingsquid_triplet_mean,amazon,auc,0.7912523261330456
2stage_MLP_flyingsquid_triplet_mean,amazon,f1_binary,0.7783004076513013
2stage_MLP_flyingsquid_triplet_mean,amazon,mcc,0.5177920429003329
2stage_MLP_flyingsquid_triplet_mean,amazon,acc,0.7343899371069182
2stage_MLP_flyingsquid_triplet_mean,amazon,auc,0.7857127241121521
2stage_MLP_flyingsquid_triplet_mean,amazon,f1_binary,0.7728485370051634
2stage_MLP_flyingsquid_triplet_mean,amazon,mcc,0.4979907248341532
2stage_MLP_flyingsquid_triplet_mean,amazon,acc,0.7493584905660378
2stage_MLP_flyingsquid_triplet_mean,amazon,auc,0.7950337227347861
2stage_MLP_flyingsquid_triplet_mean,amazon,f1_binary,0.7738611344394761
2stage_MLP_flyingsquid_triplet_mean,amazon,mcc,0.5107204824819926
2stage_MLP_flyingsquid_triplet_mean,amazon,acc,0.7473207547169811
2stage_MLP_flyingsquid_triplet_mean,amazon,auc,0.7952475257044367
2stage_MLP_flyingsquid_triplet_mean,amazon,f1_binary,0.7683151873039307
2stage_MLP_flyingsquid_triplet_mean,amazon,mcc,0.5028587240681062
2stage_MLP_flyingsquid_triplet_mean,amazon,acc,0.7485786163522012
2stage_MLP_flyingsquid_triplet_mean,amazon,auc,0.7946409154245951
2stage_MLP_flyingsquid_triplet_mean,amazon,f1_binary,0.7742897149826099
2stage_MLP_flyingsquid_triplet_mean,amazon,mcc,0.5104411043747743
2stage_MLP_flyingsquid_triplet_mean,amazon,acc,0.750817610062893
2stage_MLP_flyingsquid_triplet_mean,amazon,auc,0.7924912115044501
2stage_MLP_flyingsquid_triplet_mean,amazon,f1_binary,0.7810517473861048
2stage_MLP_flyingsquid_triplet_mean,amazon,mcc,0.5217566106412812
2stage_MLP_flyingsquid_triplet_mean,amazon,acc,0.7561006289308176
2stage_MLP_flyingsquid_triplet_mean,amazon,auc,0.7941378960005072
2stage_MLP_flyingsquid_triplet_mean,amazon,f1_binary,0.7836661831975902
2stage_MLP_flyingsquid_triplet_mean,amazon,mcc,0.5295263933535046
2stage_MLP_MV,amazon,acc,0.7746918238993711
2stage_MLP_MV,amazon,auc,0.9081887308231891
2stage_MLP_MV,amazon,f1_binary,0.8068828704502329
2stage_MLP_MV,amazon,mcc,0.5824903540379315
2stage_MLP_MV,amazon,acc,0.7910188679245284
2stage_MLP_MV,amazon,auc,0.9086648386492299
2stage_MLP_MV,amazon,f1_binary,0.8141402841481149
2stage_MLP_MV,amazon,mcc,0.6007677197066846
2stage_MLP_MV,amazon,acc,0.7581132075471698
2stage_MLP_MV,amazon,auc,0.9165651869091811
2stage_MLP_MV,amazon,f1_binary,0.7994660771268274
2stage_MLP_MV,amazon,mcc,0.5663698447589477
2stage_MLP_MV,amazon,acc,0.7598490566037736
2stage_MLP_MV,amazon,auc,0.9058458661581689
2stage_MLP_MV,amazon,f1_binary,0.7968158017964327
2stage_MLP_MV,amazon,mcc,0.5576952870951403
2stage_MLP_MV,amazon,acc,0.7717232704402516
2stage_MLP_MV,amazon,auc,0.9075624719503139
2stage_MLP_MV,amazon,f1_binary,0.8044733666609206
2stage_MLP_MV,amazon,mcc,0.5765418314931265
2stage_MLP_MV,amazon,acc,0.7589937106918239
2stage_MLP_MV,amazon,auc,0.904532747002339
2stage_MLP_MV,amazon,f1_binary,0.7980010964449878
2stage_MLP_MV,amazon,mcc,0.561288403661514
2stage_MLP_MV,amazon,acc,0.764251572327044
2stage_MLP_MV,amazon,auc,0.9071682963395966
2stage_MLP_MV,amazon,f1_binary,0.8010530114854679
2stage_MLP_MV,amazon,mcc,0.5686079109772665
2stage_MLP_MV,amazon,acc,0.7731069182389937
2stage_MLP_MV,amazon,auc,0.904561600296045
2stage_MLP_MV,amazon,f1_binary,0.8040497968583656
2stage_MLP_MV,amazon,mcc,0.5754633371101804
2stage_MLP_MV,amazon,acc,0.7721761006289308
2stage_MLP_MV,amazon,auc,0.9072286116849965
2stage_MLP_MV,amazon,f1_binary,0.8048528207559367
2stage_MLP_MV,amazon,mcc,0.5774810357765428
2stage_MLP_MV,amazon,acc,0.7596729559748427
2stage_MLP_MV,amazon,auc,0.9068111547129658
2stage_MLP_MV,amazon,f1_binary,0.7980978548029166
2stage_MLP_MV,amazon,mcc,0.5613542977806766
MLP_weasel,amazon,acc,0.7770314465408805
MLP_weasel,amazon,auc,0.8525464912001277
MLP_weasel,amazon,f1_binary,0.7577289998086542
MLP_weasel,amazon,mcc,0.561336052461932
MLP_weasel,amazon,acc,0.6274968553459119
MLP_weasel,amazon,auc,0.7122443513054413
MLP_weasel,amazon,f1_binary,0.6929473487754805
MLP_weasel,amazon,mcc,0.2816448504455171
MLP_weasel,amazon,acc,0.7574339622641509
MLP_weasel,amazon,auc,0.836066784720919
MLP_weasel,amazon,f1_binary,0.7342337375964719
MLP_weasel,amazon,mcc,0.5230086623311696
MLP_weasel,amazon,acc,0.7557232704402516
MLP_weasel,amazon,auc,0.8284967892695245
MLP_weasel,amazon,f1_binary,0.7443391258557136
MLP_weasel,amazon,mcc,0.5135416388356061
MLP_weasel,amazon,acc,0.7561761006289308
MLP_weasel,amazon,auc,0.8298849497729027
MLP_weasel,amazon,f1_binary,0.7320283123202832
MLP_weasel,amazon,mcc,0.5209946252004253
MLP_weasel,amazon,acc,0.7527044025157232
MLP_weasel,amazon,auc,0.8226528726548066
MLP_weasel,amazon,f1_binary,0.732560670366743
MLP_weasel,amazon,mcc,0.5113361848107084
MLP_weasel,amazon,acc,0.7748427672955975
MLP_weasel,amazon,auc,0.8415789865554182
MLP_weasel,amazon,f1_binary,0.7646594793584013
MLP_weasel,amazon,mcc,0.5518101404911312
MLP_weasel,amazon,acc,0.546062893081761
MLP_weasel,amazon,auc,0.5519848014291264
MLP_weasel,amazon,f1_binary,0.5059145673603505
MLP_weasel,amazon,mcc,0.09343976593776973
MLP_weasel,amazon,acc,0.7398490566037735
MLP_weasel,amazon,auc,0.8064122959955999
MLP_weasel,amazon,f1_binary,0.7354498708076441
MLP_weasel,amazon,mcc,0.47998369376840155
MLP_weasel,amazon,acc,0.7657358490566037
MLP_weasel,amazon,auc,0.8379435019270038
MLP_weasel,amazon,f1_binary,0.7494079655543596
MLP_weasel,amazon,mcc,0.5361244521197753
Ground_truth_MLP,crowdsourcing,acc,0.9023569023569024
Ground_truth_MLP,crowdsourcing,f1_macro,0.9049329409512965
Ground_truth_MLP,crowdsourcing,mcc,0.8887612944254208
Ground_truth_MLP,crowdsourcing,acc,0.9006734006734006
Ground_truth_MLP,crowdsourcing,f1_macro,0.9030421567207194
Ground_truth_MLP,crowdsourcing,mcc,0.8868796403293551
Ground_truth_MLP,crowdsourcing,acc,0.9074074074074074
Ground_truth_MLP,crowdsourcing,f1_macro,0.909528075617122
Ground_truth_MLP,crowdsourcing,mcc,0.8940931904813164
Ground_truth_MLP,crowdsourcing,acc,0.9082491582491582
Ground_truth_MLP,crowdsourcing,f1_macro,0.9097653338830798
Ground_truth_MLP,crowdsourcing,mcc,0.8950407505961895
Ground_truth_MLP,crowdsourcing,acc,0.9015151515151515
Ground_truth_MLP,crowdsourcing,f1_macro,0.9042027492680513
Ground_truth_MLP,crowdsourcing,mcc,0.887623914361571
Ground_truth_MLP,crowdsourcing,acc,0.9023569023569024
Ground_truth_MLP,crowdsourcing,f1_macro,0.9057065283832747
Ground_truth_MLP,crowdsourcing,mcc,0.8887948983770485
Ground_truth_MLP,crowdsourcing,acc,0.9031986531986532
Ground_truth_MLP,crowdsourcing,f1_macro,0.9055063769774752
Ground_truth_MLP,crowdsourcing,mcc,0.8897192088719902
Ground_truth_MLP,crowdsourcing,acc,0.8981481481481481
Ground_truth_MLP,crowdsourcing,f1_macro,0.9002797111297283
Ground_truth_MLP,crowdsourcing,mcc,0.8835012020970228
Ground_truth_MLP,crowdsourcing,acc,0.9141414141414141
Ground_truth_MLP,crowdsourcing,f1_macro,0.915156597406482
Ground_truth_MLP,crowdsourcing,mcc,0.9016933290655834
Ground_truth_MLP,crowdsourcing,acc,0.9074074074074074
Ground_truth_MLP,crowdsourcing,f1_macro,0.9093494165061368
Ground_truth_MLP,crowdsourcing,mcc,0.8941979368216606
supervised_validation_MLP,crowdsourcing,acc,0.8737373737373737
supervised_validation_MLP,crowdsourcing,f1_macro,0.8773735244475489
supervised_validation_MLP,crowdsourcing,mcc,0.8554092749235986
supervised_validation_MLP,crowdsourcing,acc,0.8787878787878788
supervised_validation_MLP,crowdsourcing,f1_macro,0.8823695690931673
supervised_validation_MLP,crowdsourcing,mcc,0.86137563737119
supervised_validation_MLP,crowdsourcing,acc,0.8796296296296297
supervised_validation_MLP,crowdsourcing,f1_macro,0.8824961118401314
supervised_validation_MLP,crowdsourcing,mcc,0.8626416051737155
supervised_validation_MLP,crowdsourcing,acc,0.8813131313131313
supervised_validation_MLP,crowdsourcing,f1_macro,0.8838776425902473
supervised_validation_MLP,crowdsourcing,mcc,0.8646382352390966
supervised_validation_MLP,crowdsourcing,acc,0.8737373737373737
supervised_validation_MLP,crowdsourcing,f1_macro,0.8768381090752437
supervised_validation_MLP,crowdsourcing,mcc,0.8558909639922123
supervised_validation_MLP,crowdsourcing,acc,0.8838383838383839
supervised_validation_MLP,crowdsourcing,f1_macro,0.8877261201926532
supervised_validation_MLP,crowdsourcing,mcc,0.8670737882446659
supervised_validation_MLP,crowdsourcing,acc,0.8627946127946128
supervised_validation_MLP,crowdsourcing,f1_macro,0.8675220353309829
supervised_validation_MLP,crowdsourcing,mcc,0.8430544695757393
supervised_validation_MLP,crowdsourcing,acc,0.8813131313131313
supervised_validation_MLP,crowdsourcing,f1_macro,0.8831133557609756
supervised_validation_MLP,crowdsourcing,mcc,0.8640625318549354
supervised_validation_MLP,crowdsourcing,acc,0.8686868686868687
supervised_validation_MLP,crowdsourcing,f1_macro,0.8721067083177214
supervised_validation_MLP,crowdsourcing,mcc,0.8496034785157799
supervised_validation_MLP,crowdsourcing,acc,0.8585858585858586
supervised_validation_MLP,crowdsourcing,f1_macro,0.863717227946933
supervised_validation_MLP,crowdsourcing,mcc,0.8385778137604593
2stage_MLP_snorkel,crowdsourcing,acc,0.8089225589225589
2stage_MLP_snorkel,crowdsourcing,f1_macro,0.8054704214774369
2stage_MLP_snorkel,crowdsourcing,mcc,0.7831310564064167
2stage_MLP_snorkel,crowdsourcing,acc,0.7887205387205387
2stage_MLP_snorkel,crowdsourcing,f1_macro,0.7764443950664746
2stage_MLP_snorkel,crowdsourcing,mcc,0.7643255558594136
2stage_MLP_snorkel,crowdsourcing,acc,0.7836700336700336
2stage_MLP_snorkel,crowdsourcing,f1_macro,0.7802159782580314
2stage_MLP_snorkel,crowdsourcing,mcc,0.7560595691720545
2stage_MLP_snorkel,crowdsourcing,acc,0.7760942760942761
2stage_MLP_snorkel,crowdsourcing,f1_macro,0.771064889065542
2stage_MLP_snorkel,crowdsourcing,mcc,0.7472497841043806
2stage_MLP_snorkel,crowdsourcing,acc,0.7062289562289562
2stage_MLP_snorkel,crowdsourcing,f1_macro,0.6694575948738408
2stage_MLP_snorkel,crowdsourcing,mcc,0.6790827836934528
2stage_MLP_snorkel,crowdsourcing,acc,0.7727272727272727
2stage_MLP_snorkel,crowdsourcing,f1_macro,0.7668268482376597
2stage_MLP_snorkel,crowdsourcing,mcc,0.7432673221949003
2stage_MLP_snorkel,crowdsourcing,acc,0.7769360269360269
2stage_MLP_snorkel,crowdsourcing,f1_macro,0.7739668340103384
2stage_MLP_snorkel,crowdsourcing,mcc,0.745534095761646
2stage_MLP_snorkel,crowdsourcing,acc,0.7895622895622896
2stage_MLP_snorkel,crowdsourcing,f1_macro,0.7855032410613091
2stage_MLP_snorkel,crowdsourcing,mcc,0.7622870632782577
2stage_MLP_snorkel,crowdsourcing,acc,0.7988215488215489
2stage_MLP_snorkel,crowdsourcing,f1_macro,0.7915113402838518
2stage_MLP_snorkel,crowdsourcing,mcc,0.776906592806748
2stage_MLP_snorkel,crowdsourcing,acc,0.7929292929292929
2stage_MLP_snorkel,crowdsourcing,f1_macro,0.7909296285529588
2stage_MLP_snorkel,crowdsourcing,mcc,0.7644195825542115
2stage_MLP_flyingsquid_triplet_median,crowdsourcing,acc,0.14814814814814814
2stage_MLP_flyingsquid_triplet_median,crowdsourcing,f1_macro,0.032983508245877056
2stage_MLP_flyingsquid_triplet_median,crowdsourcing,mcc,0.0006967538313501002
2stage_MLP_flyingsquid_triplet_median,crowdsourcing,acc,0.1271043771043771
2stage_MLP_flyingsquid_triplet_median,crowdsourcing,f1_macro,0.02959903976583137
2stage_MLP_flyingsquid_triplet_median,crowdsourcing,mcc,0.010485692713924548
2stage_MLP_flyingsquid_triplet_median,crowdsourcing,acc,0.10521885521885523
2stage_MLP_flyingsquid_triplet_median,crowdsourcing,f1_macro,0.02567859202619486
2stage_MLP_flyingsquid_triplet_median,crowdsourcing,mcc,0.02201801424519286
2stage_MLP_flyingsquid_triplet_median,crowdsourcing,acc,0.11026936026936027
2stage_MLP_flyingsquid_triplet_median,crowdsourcing,f1_macro,0.024886018237082065
2stage_MLP_flyingsquid_triplet_median,crowdsourcing,mcc,-0.0006094128389580452
2stage_MLP_flyingsquid_triplet_median,crowdsourcing,acc,0.12626262626262627
2stage_MLP_flyingsquid_triplet_median,crowdsourcing,f1_macro,0.028026905829596414
2stage_MLP_flyingsquid_triplet_median,crowdsourcing,mcc,0.0
2stage_MLP_flyingsquid_triplet_median,crowdsourcing,acc,0.15824915824915825
2stage_MLP_flyingsquid_triplet_median,crowdsourcing,f1_macro,0.034156976744186045
2stage_MLP_flyingsquid_triplet_median,crowdsourcing,mcc,0.0
2stage_MLP_flyingsquid_triplet_median,crowdsourcing,acc,0.10437710437710437
2stage_MLP_flyingsquid_triplet_median,crowdsourcing,f1_macro,0.0236280487804878
2stage_MLP_flyingsquid_triplet_median,crowdsourcing,mcc,0.0
2stage_MLP_flyingsquid_triplet_median,crowdsourcing,acc,0.1026936026936027
2stage_MLP_flyingsquid_triplet_median,crowdsourcing,f1_macro,0.023282442748091603
2stage_MLP_flyingsquid_triplet_median,crowdsourcing,mcc,0.0
2stage_MLP_flyingsquid_triplet_median,crowdsourcing,acc,0.15824915824915825
2stage_MLP_flyingsquid_triplet_median,crowdsourcing,f1_macro,0.034156976744186045
2stage_MLP_flyingsquid_triplet_median,crowdsourcing,mcc,0.0
2stage_MLP_flyingsquid_triplet_median,crowdsourcing,acc,0.11026936026936027
2stage_MLP_flyingsquid_triplet_median,crowdsourcing,f1_macro,0.024829416224412433
2stage_MLP_flyingsquid_triplet_median,crowdsourcing,mcc,0.0
2stage_MLP_flyingsquid_triplet_mean,crowdsourcing,acc,0.15824915824915825
2stage_MLP_flyingsquid_triplet_mean,crowdsourcing,f1_macro,0.034156976744186045
2stage_MLP_flyingsquid_triplet_mean,crowdsourcing,mcc,0.0
2stage_MLP_flyingsquid_triplet_mean,crowdsourcing,acc,0.15824915824915825
2stage_MLP_flyingsquid_triplet_mean,crowdsourcing,f1_macro,0.034156976744186045
2stage_MLP_flyingsquid_triplet_mean,crowdsourcing,mcc,0.0
2stage_MLP_flyingsquid_triplet_mean,crowdsourcing,acc,0.10437710437710437
2stage_MLP_flyingsquid_triplet_mean,crowdsourcing,f1_macro,0.0236280487804878
2stage_MLP_flyingsquid_triplet_mean,crowdsourcing,mcc,0.0
2stage_MLP_flyingsquid_triplet_mean,crowdsourcing,acc,0.11026936026936027
2stage_MLP_flyingsquid_triplet_mean,crowdsourcing,f1_macro,0.02486712224753227
2stage_MLP_flyingsquid_triplet_mean,crowdsourcing,mcc,-0.000863859551776711
2stage_MLP_flyingsquid_triplet_mean,crowdsourcing,acc,0.12626262626262627
2stage_MLP_flyingsquid_triplet_mean,crowdsourcing,f1_macro,0.028026905829596414
2stage_MLP_flyingsquid_triplet_mean,crowdsourcing,mcc,0.0
2stage_MLP_flyingsquid_triplet_mean,crowdsourcing,acc,0.1590909090909091
2stage_MLP_flyingsquid_triplet_mean,crowdsourcing,f1_macro,0.037770111003810884
2stage_MLP_flyingsquid_triplet_mean,crowdsourcing,mcc,0.010325302213269114
2stage_MLP_flyingsquid_triplet_mean,crowdsourcing,acc,0.14898989898989898
2stage_MLP_flyingsquid_triplet_mean,crowdsourcing,f1_macro,0.060573649148778684
2stage_MLP_flyingsquid_triplet_mean,crowdsourcing,mcc,0.07063383202589145
2stage_MLP_flyingsquid_triplet_mean,crowdsourcing,acc,0.1026936026936027
2stage_MLP_flyingsquid_triplet_mean,crowdsourcing,f1_macro,0.023282442748091603
2stage_MLP_flyingsquid_triplet_mean,crowdsourcing,mcc,0.0
2stage_MLP_flyingsquid_triplet_mean,crowdsourcing,acc,0.15824915824915825
2stage_MLP_flyingsquid_triplet_mean,crowdsourcing,f1_macro,0.034156976744186045
2stage_MLP_flyingsquid_triplet_mean,crowdsourcing,mcc,0.0
2stage_MLP_flyingsquid_triplet_mean,crowdsourcing,acc,0.10437710437710437
2stage_MLP_flyingsquid_triplet_mean,crowdsourcing,f1_macro,0.0236280487804878
2stage_MLP_flyingsquid_triplet_mean,crowdsourcing,mcc,0.0
2stage_MLP_MV,crowdsourcing,acc,0.7988215488215489
2stage_MLP_MV,crowdsourcing,f1_macro,0.7933225107618078
2stage_MLP_MV,crowdsourcing,mcc,0.7724476740211245
2stage_MLP_MV,crowdsourcing,acc,0.7971380471380471
2stage_MLP_MV,crowdsourcing,f1_macro,0.7947671383923534
2stage_MLP_MV,crowdsourcing,mcc,0.7714256149258889
2stage_MLP_MV,crowdsourcing,acc,0.7946127946127947
2stage_MLP_MV,crowdsourcing,f1_macro,0.7885909125897419
2stage_MLP_MV,crowdsourcing,mcc,0.7703553069944504
2stage_MLP_MV,crowdsourcing,acc,0.7811447811447811
2stage_MLP_MV,crowdsourcing,f1_macro,0.7792836507297551
2stage_MLP_MV,crowdsourcing,mcc,0.7532356084101522
2stage_MLP_MV,crowdsourcing,acc,0.7962962962962963
2stage_MLP_MV,crowdsourcing,f1_macro,0.7960162027693981
2stage_MLP_MV,crowdsourcing,mcc,0.7689953251279431
2stage_MLP_MV,crowdsourcing,acc,0.7971380471380471
2stage_MLP_MV,crowdsourcing,f1_macro,0.7950499200109211
2stage_MLP_MV,crowdsourcing,mcc,0.7706668716561633
2stage_MLP_MV,crowdsourcing,acc,0.7668350168350169
2stage_MLP_MV,crowdsourcing,f1_macro,0.764005068350573
2stage_MLP_MV,crowdsourcing,mcc,0.7389020414312789
2stage_MLP_MV,crowdsourcing,acc,0.7845117845117845
2stage_MLP_MV,crowdsourcing,f1_macro,0.7786217325115055
2stage_MLP_MV,crowdsourcing,mcc,0.7593665958330741
2stage_MLP_MV,crowdsourcing,acc,0.803030303030303
2stage_MLP_MV,crowdsourcing,f1_macro,0.7945996871205365
2stage_MLP_MV,crowdsourcing,mcc,0.778983893612412
2stage_MLP_MV,crowdsourcing,acc,0.7962962962962963
2stage_MLP_MV,crowdsourcing,f1_macro,0.7922029190639573
2stage_MLP_MV,crowdsourcing,mcc,0.7688509865982607
MLP_weasel,crowdsourcing,acc,0.8173400673400674
MLP_weasel,crowdsourcing,f1_macro,0.8170445744793681
MLP_weasel,crowdsourcing,mcc,0.794726065112273
MLP_weasel,crowdsourcing,acc,0.7988215488215489
MLP_weasel,crowdsourcing,f1_macro,0.7916129848915594
MLP_weasel,crowdsourcing,mcc,0.7783596669214617
MLP_weasel,crowdsourcing,acc,0.8131313131313131
MLP_weasel,crowdsourcing,f1_macro,0.809990184355655
MLP_weasel,crowdsourcing,mcc,0.7927205386164459
MLP_weasel,crowdsourcing,acc,0.7954545454545454
MLP_weasel,crowdsourcing,f1_macro,0.7885005295322143
MLP_weasel,crowdsourcing,mcc,0.7732771434805671
MLP_weasel,crowdsourcing,acc,0.8097643097643098
MLP_weasel,crowdsourcing,f1_macro,0.8030487591236319
MLP_weasel,crowdsourcing,mcc,0.789546342395684
MLP_weasel,crowdsourcing,acc,0.8148148148148148
MLP_weasel,crowdsourcing,f1_macro,0.8099548541256965
MLP_weasel,crowdsourcing,mcc,0.7953999555526637
MLP_weasel,crowdsourcing,acc,0.7878787878787878
MLP_weasel,crowdsourcing,f1_macro,0.7790921554850418
MLP_weasel,crowdsourcing,mcc,0.7664292210887516
MLP_weasel,crowdsourcing,acc,0.8013468013468014
MLP_weasel,crowdsourcing,f1_macro,0.7971642244307513
MLP_weasel,crowdsourcing,mcc,0.777366269102447
MLP_weasel,crowdsourcing,acc,0.8181818181818182
MLP_weasel,crowdsourcing,f1_macro,0.8140395903922868
MLP_weasel,crowdsourcing,mcc,0.7961637653365274
MLP_weasel,crowdsourcing,acc,0.7962962962962963
MLP_weasel,crowdsourcing,f1_macro,0.7903455061347913
MLP_weasel,crowdsourcing,mcc,0.7745837272516057
