Ground_truth_MLP,census,auc,0.8878224612613139
Ground_truth_MLP,census,acc,0.8413488114980652
Ground_truth_MLP,census,f1_binary,0.6297835746022645
Ground_truth_MLP,census,f1_max,0.6586855607134131
Ground_truth_MLP,census,mcc,0.5328941701369099
Ground_truth_MLP,census,ece,0.003604962091965503
Ground_truth_MLP,census,auc,0.8915483323086852
Ground_truth_MLP,census,acc,0.8430686075793871
Ground_truth_MLP,census,f1_binary,0.639480739381967
Ground_truth_MLP,census,f1_max,0.6647182604629412
Ground_truth_MLP,census,mcc,0.5419691856327359
Ground_truth_MLP,census,ece,0.007996469020374888
Ground_truth_MLP,census,auc,0.8901500905877214
Ground_truth_MLP,census,acc,0.8426386585590566
Ground_truth_MLP,census,f1_binary,0.6254385964912281
Ground_truth_MLP,census,f1_max,0.6636511250289955
Ground_truth_MLP,census,mcc,0.5330881357898702
Ground_truth_MLP,census,ece,0.0058098518579702205
Ground_truth_MLP,census,auc,0.8904277565618174
Ground_truth_MLP,census,acc,0.8404274921687857
Ground_truth_MLP,census,f1_binary,0.6239143022582513
Ground_truth_MLP,census,f1_max,0.6620330147697654
Ground_truth_MLP,census,mcc,0.5298912859817597
Ground_truth_MLP,census,ece,0.0020529377717481735
Ground_truth_MLP,census,auc,0.8916680566929026
Ground_truth_MLP,census,acc,0.8429457650021498
Ground_truth_MLP,census,f1_binary,0.6250183311335973
Ground_truth_MLP,census,f1_max,0.6635557629491368
Ground_truth_MLP,census,mcc,0.533681858031713
Ground_truth_MLP,census,ece,0.004635628333190455
supervised_validation_MLP,census,auc,0.8763222703222704
supervised_validation_MLP,census,acc,0.8296787666605245
supervised_validation_MLP,census,f1_binary,0.5841955315639525
supervised_validation_MLP,census,f1_max,0.6472868217054264
supervised_validation_MLP,census,mcc,0.49242585937179983
supervised_validation_MLP,census,ece,0.008139437905298664
supervised_validation_MLP,census,auc,0.8788879745202193
supervised_validation_MLP,census,acc,0.8365579509858116
supervised_validation_MLP,census,f1_binary,0.6009896536212327
supervised_validation_MLP,census,f1_max,0.6438308283816848
supervised_validation_MLP,census,mcc,0.5080136362993825
supervised_validation_MLP,census,ece,0.008228495701489402
supervised_validation_MLP,census,auc,0.8751859468914034
supervised_validation_MLP,census,acc,0.8332412014004054
supervised_validation_MLP,census,f1_binary,0.5883244882486732
supervised_validation_MLP,census,f1_max,0.6409740840035746
supervised_validation_MLP,census,mcc,0.500225125746566
supervised_validation_MLP,census,ece,0.009483316047765197
supervised_validation_MLP,census,auc,0.8771252063574191
supervised_validation_MLP,census,acc,0.8343467845955408
supervised_validation_MLP,census,f1_binary,0.5905571580385608
supervised_validation_MLP,census,f1_max,0.640815892914055
supervised_validation_MLP,census,mcc,0.5013080598302905
supervised_validation_MLP,census,ece,0.009076757773992182
supervised_validation_MLP,census,auc,0.8784252256823534
supervised_validation_MLP,census,acc,0.8360051593882439
supervised_validation_MLP,census,f1_binary,0.6016114592658908
supervised_validation_MLP,census,f1_max,0.6452961672473867
supervised_validation_MLP,census,mcc,0.509096351758949
supervised_validation_MLP,census,ece,0.011246968440331196
2stage_MLP_snorkel,census,auc,0.6287817917751568
2stage_MLP_snorkel,census,acc,0.23671764633622014
2stage_MLP_snorkel,census,f1_binary,0.3820794590025359
2stage_MLP_snorkel,census,f1_max,0.4145517540060632
2stage_MLP_snorkel,census,mcc,0.010592465693862569
2stage_MLP_snorkel,census,ece,0.2949683552482162
2stage_MLP_snorkel,census,auc,0.8211793690147473
2stage_MLP_snorkel,census,acc,0.7697930102573552
2stage_MLP_snorkel,census,f1_binary,0.04387755102040817
2stage_MLP_snorkel,census,f1_max,0.4976133651551313
2stage_MLP_snorkel,census,mcc,0.12437418696875205
2stage_MLP_snorkel,census,ece,0.21249812506800544
2stage_MLP_snorkel,census,auc,0.8160015399962426
2stage_MLP_snorkel,census,acc,0.7685031631963639
2stage_MLP_snorkel,census,f1_binary,0.03185204212689442
2stage_MLP_snorkel,census,f1_max,0.4984478935698448
2stage_MLP_snorkel,census,mcc,0.0996974505710123
2stage_MLP_snorkel,census,ece,0.21598276180538892
2stage_MLP_snorkel,census,auc,0.8143181350635749
2stage_MLP_snorkel,census,acc,0.7702843805663043
2stage_MLP_snorkel,census,f1_binary,0.036579082946934564
2stage_MLP_snorkel,census,f1_max,0.5085939701324317
2stage_MLP_snorkel,census,mcc,0.11094139486955323
2stage_MLP_snorkel,census,ece,0.21134299394591022
2stage_MLP_snorkel,census,auc,0.5535005706765415
2stage_MLP_snorkel,census,acc,0.7445488606350962
2stage_MLP_snorkel,census,f1_binary,0.10578370242958501
2stage_MLP_snorkel,census,f1_max,0.386470078057242
2stage_MLP_snorkel,census,mcc,0.03810733997379507
2stage_MLP_snorkel,census,ece,0.22596168869887934
2stage_MLP_flyingsquid_triplet_mean,census,auc,0.7665901617639637
2stage_MLP_flyingsquid_triplet_mean,census,acc,0.27375468337325715
2stage_MLP_flyingsquid_triplet_mean,census,f1_binary,0.39164437126980867
2stage_MLP_flyingsquid_triplet_mean,census,f1_max,0.5372023809523809
2stage_MLP_flyingsquid_triplet_mean,census,mcc,0.09670727204253826
2stage_MLP_flyingsquid_triplet_mean,census,ece,0.25229041354968573
2stage_MLP_flyingsquid_triplet_mean,census,auc,0.5428956438065947
2stage_MLP_flyingsquid_triplet_mean,census,acc,0.4525520545421043
2stage_MLP_flyingsquid_triplet_mean,census,f1_binary,0.35715831229715106
2stage_MLP_flyingsquid_triplet_mean,census,f1_max,0.3912418445206237
2stage_MLP_flyingsquid_triplet_mean,census,mcc,0.03212202799667634
2stage_MLP_flyingsquid_triplet_mean,census,ece,0.05855378572818257
2stage_MLP_flyingsquid_triplet_mean,census,auc,0.5905018369423056
2stage_MLP_flyingsquid_triplet_mean,census,acc,0.23757754437688103
2stage_MLP_flyingsquid_triplet_mean,census,f1_binary,0.3839396496104025
2stage_MLP_flyingsquid_triplet_mean,census,f1_max,0.4244971066409479
2stage_MLP_flyingsquid_triplet_mean,census,mcc,0.0
2stage_MLP_flyingsquid_triplet_mean,census,ece,0.3225577720794153
2stage_MLP_flyingsquid_triplet_mean,census,auc,0.5119367135882844
2stage_MLP_flyingsquid_triplet_mean,census,acc,0.7647564645906271
2stage_MLP_flyingsquid_triplet_mean,census,f1_binary,0.0005219206680584551
2stage_MLP_flyingsquid_triplet_mean,census,f1_max,0.38573957016434895
2stage_MLP_flyingsquid_triplet_mean,census,mcc,0.0069187443271079875
2stage_MLP_flyingsquid_triplet_mean,census,ece,0.21370086106641326
2stage_MLP_flyingsquid_triplet_mean,census,auc,0.6174306188992839
2stage_MLP_flyingsquid_triplet_mean,census,acc,0.24249124746637185
2stage_MLP_flyingsquid_triplet_mean,census,f1_binary,0.38571499726054687
2stage_MLP_flyingsquid_triplet_mean,census,f1_max,0.4079275905118601
2stage_MLP_flyingsquid_triplet_mean,census,mcc,0.03279893949728404
2stage_MLP_flyingsquid_triplet_mean,census,ece,0.29533299455024137
2stage_MLP_MV_hard,census,auc,0.8435643915086593
2stage_MLP_MV_hard,census,acc,0.7888950310177507
2stage_MLP_MV_hard,census,f1_binary,0.26355260338547243
2stage_MLP_MV_hard,census,f1_max,0.6003556113377262
2stage_MLP_MV_hard,census,mcc,0.2824347029603253
2stage_MLP_MV_hard,census,ece,0.1702211087645217
2stage_MLP_MV_hard,census,auc,0.8413619217597239
2stage_MLP_MV_hard,census,acc,0.7933787850869112
2stage_MLP_MV_hard,census,f1_binary,0.28638099278744167
2stage_MLP_MV_hard,census,f1_max,0.5986159169550173
2stage_MLP_MV_hard,census,mcc,0.3012178691258195
2stage_MLP_MV_hard,census,ece,0.16172777402679936
2stage_MLP_MV_hard,census,auc,0.8388694789129156
2stage_MLP_MV_hard,census,acc,0.790184878078742
2stage_MLP_MV_hard,census,f1_binary,0.2429078014184397
2stage_MLP_MV_hard,census,f1_max,0.5918007493938726
2stage_MLP_MV_hard,census,mcc,0.27199097904443514
2stage_MLP_MV_hard,census,ece,0.1612519624887685
2stage_MLP_MV_hard,census,auc,0.8364051169885105
2stage_MLP_MV_hard,census,acc,0.789017873594988
2stage_MLP_MV_hard,census,f1_binary,0.23479616841167297
2stage_MLP_MV_hard,census,f1_max,0.5822637106184364
2stage_MLP_MV_hard,census,mcc,0.26235361524117407
2stage_MLP_MV_hard,census,ece,0.16080710040901344
2stage_MLP_MV_hard,census,auc,0.8413078196467569
2stage_MLP_MV_hard,census,acc,0.7914133038511147
2stage_MLP_MV_hard,census,f1_binary,0.27155727155727155
2stage_MLP_MV_hard,census,f1_max,0.5927214010681903
2stage_MLP_MV_hard,census,mcc,0.28575901050761976
2stage_MLP_MV_hard,census,ece,0.16566538577890758
2stage_MLP_MV_soft,census,auc,0.8403077217234292
2stage_MLP_MV_soft,census,acc,0.7698544315459739
2stage_MLP_MV_soft,census,f1_binary,0.0270059724746819
2stage_MLP_MV_soft,census,f1_max,0.5896805896805898
2stage_MLP_MV_soft,census,mcc,0.0966380932360543
2stage_MLP_MV_soft,census,ece,0.12020839792044462
2stage_MLP_MV_soft,census,auc,0.8438693524882014
2stage_MLP_MV_soft,census,acc,0.7620539278914071
2stage_MLP_MV_soft,census,f1_binary,0.003088008234688626
2stage_MLP_MV_soft,census,f1_max,0.6035986311954962
2stage_MLP_MV_soft,census,mcc,0.034326349302674725
2stage_MLP_MV_soft,census,ece,0.13117735273209374
2stage_MLP_MV_soft,census,auc,0.8473197109059212
2stage_MLP_MV_soft,census,acc,0.7763650881395492
2stage_MLP_MV_soft,census,f1_binary,0.11946795646916565
2stage_MLP_MV_soft,census,f1_max,0.6042441478888646
2stage_MLP_MV_soft,census,mcc,0.19462441949808684
2stage_MLP_MV_soft,census,ece,0.11379384789491166
2stage_MLP_MV_soft,census,auc,0.8482679147665324
2stage_MLP_MV_soft,census,acc,0.7679503715987961
2stage_MLP_MV_soft,census,f1_binary,0.04451188669701568
2stage_MLP_MV_soft,census,f1_max,0.6025768087215064
2stage_MLP_MV_soft,census,mcc,0.1286091080537416
2stage_MLP_MV_soft,census,ece,0.12341260895756301
2stage_MLP_MV_soft,census,auc,0.8423105721188668
2stage_MLP_MV_soft,census,acc,0.7727412321110497
2stage_MLP_MV_soft,census,f1_binary,0.0859683794466403
2stage_MLP_MV_soft,census,f1_max,0.6007007113281664
2stage_MLP_MV_soft,census,mcc,0.16984284673973282
2stage_MLP_MV_soft,census,ece,0.11980033435573172
MLP_weasel_no_balance,census,auc,0.7750215152049019
MLP_weasel_no_balance,census,acc,0.4198145077083717
MLP_weasel_no_balance,census,f1_binary,0.43840665873959567
MLP_weasel_no_balance,census,f1_max,0.5452308856926571
MLP_weasel_no_balance,census,mcc,0.22585712139194178
MLP_weasel_no_balance,census,ece,0.097311875907438
MLP_weasel_no_balance,census,auc,0.8124603140337888
MLP_weasel_no_balance,census,acc,0.7761808242736933
MLP_weasel_no_balance,census,f1_binary,0.08442211055276383
MLP_weasel_no_balance,census,f1_max,0.5601713062098501
MLP_weasel_no_balance,census,mcc,0.15341389988973458
MLP_weasel_no_balance,census,ece,0.17608217053459965
MLP_weasel_no_balance,census,auc,0.791113057311349
MLP_weasel_no_balance,census,acc,0.7705914870093975
MLP_weasel_no_balance,census,f1_binary,0.045001278445410374
MLP_weasel_no_balance,census,f1_max,0.5359149277688604
MLP_weasel_no_balance,census,mcc,0.11134967267668898
MLP_weasel_no_balance,census,ece,0.19002016753326226
MLP_weasel_no_balance,census,auc,0.8089785771914915
MLP_weasel_no_balance,census,acc,0.7757508752533628
MLP_weasel_no_balance,census,f1_binary,0.10007394626571357
MLP_weasel_no_balance,census,f1_max,0.5587512028226237
MLP_weasel_no_balance,census,mcc,0.17652177389542156
MLP_weasel_no_balance,census,ece,0.17614428811866714
MLP_weasel_no_balance,census,auc,0.8035326439080651
MLP_weasel_no_balance,census,acc,0.7752595049444138
MLP_weasel_no_balance,census,f1_binary,0.07856962981616722
MLP_weasel_no_balance,census,f1_max,0.554726368159204
MLP_weasel_no_balance,census,mcc,0.15498120738153048
MLP_weasel_no_balance,census,ece,0.18140372454362255
Ground_truth_MLP,youtube,auc,0.9521249359959038
Ground_truth_MLP,youtube,acc,0.88
Ground_truth_MLP,youtube,f1_binary,0.8828125
Ground_truth_MLP,youtube,f1_max,0.8888888888888888
Ground_truth_MLP,youtube,mcc,0.7616675680489373
Ground_truth_MLP,youtube,ece,0.023383391618728662
Ground_truth_MLP,youtube,auc,0.9658974358974359
Ground_truth_MLP,youtube,acc,0.892
Ground_truth_MLP,youtube,f1_binary,0.8988764044943821
Ground_truth_MLP,youtube,f1_max,0.9125475285171102
Ground_truth_MLP,youtube,mcc,0.7844077955990691
Ground_truth_MLP,youtube,ece,0.0523069958686829
Ground_truth_MLP,youtube,auc,0.9542776639344261
Ground_truth_MLP,youtube,acc,0.864
Ground_truth_MLP,youtube,f1_binary,0.8617886178861789
Ground_truth_MLP,youtube,f1_max,0.8713692946058091
Ground_truth_MLP,youtube,mcc,0.7280409969831189
Ground_truth_MLP,youtube,ece,0.039971014022827135
Ground_truth_MLP,youtube,auc,0.935330112721417
Ground_truth_MLP,youtube,acc,0.844
Ground_truth_MLP,youtube,f1_binary,0.8550185873605949
Ground_truth_MLP,youtube,f1_max,0.860377358490566
Ground_truth_MLP,youtube,mcc,0.6862146830173856
Ground_truth_MLP,youtube,ece,0.038167227506637605
Ground_truth_MLP,youtube,auc,0.9698058950395398
Ground_truth_MLP,youtube,acc,0.912
Ground_truth_MLP,youtube,f1_binary,0.897196261682243
Ground_truth_MLP,youtube,f1_max,0.9056603773584906
Ground_truth_MLP,youtube,mcc,0.8202731847591661
Ground_truth_MLP,youtube,ece,0.03805304288864134
supervised_validation_MLP,youtube,auc,0.9042182662538699
supervised_validation_MLP,youtube,acc,0.828
supervised_validation_MLP,youtube,f1_binary,0.8552188552188552
supervised_validation_MLP,youtube,f1_max,0.8592592592592593
supervised_validation_MLP,youtube,mcc,0.6611237162791825
supervised_validation_MLP,youtube,ece,0.04805384135246277
supervised_validation_MLP,youtube,auc,0.900121880813394
supervised_validation_MLP,youtube,acc,0.828
supervised_validation_MLP,youtube,f1_binary,0.8389513108614233
supervised_validation_MLP,youtube,f1_max,0.8436363636363637
supervised_validation_MLP,youtube,mcc,0.6550695046648941
supervised_validation_MLP,youtube,ece,0.055468189716339135
supervised_validation_MLP,youtube,auc,0.8774974385245902
supervised_validation_MLP,youtube,acc,0.756
supervised_validation_MLP,youtube,f1_binary,0.755020080321285
supervised_validation_MLP,youtube,f1_max,0.831615120274914
supervised_validation_MLP,youtube,mcc,0.5131785557295153
supervised_validation_MLP,youtube,ece,0.0817432634830475
supervised_validation_MLP,youtube,auc,0.9102564102564102
supervised_validation_MLP,youtube,acc,0.832
supervised_validation_MLP,youtube,f1_binary,0.825
supervised_validation_MLP,youtube,f1_max,0.8467741935483871
supervised_validation_MLP,youtube,mcc,0.6634615384615384
supervised_validation_MLP,youtube,ece,0.03359928107261661
supervised_validation_MLP,youtube,auc,0.908200499327828
supervised_validation_MLP,youtube,acc,0.84
supervised_validation_MLP,youtube,f1_binary,0.8449612403100776
supervised_validation_MLP,youtube,f1_max,0.8571428571428572
supervised_validation_MLP,youtube,mcc,0.6801028887244387
supervised_validation_MLP,youtube,ece,0.022872081995010358
2stage_MLP_snorkel,youtube,auc,0.9398148148148148
2stage_MLP_snorkel,youtube,acc,0.824
2stage_MLP_snorkel,youtube,f1_binary,0.8253968253968254
2stage_MLP_snorkel,youtube,f1_max,0.8652482269503546
2stage_MLP_snorkel,youtube,mcc,0.6754309280757765
2stage_MLP_snorkel,youtube,ece,0.12674206233024596
2stage_MLP_snorkel,youtube,auc,0.9004270186335402
2stage_MLP_snorkel,youtube,acc,0.672
2stage_MLP_snorkel,youtube,f1_binary,0.59
2stage_MLP_snorkel,youtube,f1_max,0.8551724137931034
2stage_MLP_snorkel,youtube,mcc,0.4614746797627428
2stage_MLP_snorkel,youtube,ece,0.11342239880561826
2stage_MLP_snorkel,youtube,auc,0.966656
2stage_MLP_snorkel,youtube,acc,0.9
2stage_MLP_snorkel,youtube,f1_binary,0.9049429657794676
2stage_MLP_snorkel,youtube,f1_max,0.9189189189189189
2stage_MLP_snorkel,youtube,mcc,0.8043618151097336
2stage_MLP_snorkel,youtube,ece,0.20077698349952697
2stage_MLP_snorkel,youtube,auc,0.9158132045088566
2stage_MLP_snorkel,youtube,acc,0.816
2stage_MLP_snorkel,youtube,f1_binary,0.8017241379310345
2stage_MLP_snorkel,youtube,f1_max,0.8592057761732853
2stage_MLP_snorkel,youtube,mcc,0.6690098942618079
2stage_MLP_snorkel,youtube,ece,0.13951671671867372
2stage_MLP_snorkel,youtube,auc,0.8865384615384615
2stage_MLP_snorkel,youtube,acc,0.48
2stage_MLP_snorkel,youtube,f1_binary,0.0
2stage_MLP_snorkel,youtube,f1_max,0.823076923076923
2stage_MLP_snorkel,youtube,mcc,0.0
2stage_MLP_snorkel,youtube,ece,0.28380251574516296
2stage_MLP_flyingsquid_triplet_mean,youtube,auc,0.9090967287625632
2stage_MLP_flyingsquid_triplet_mean,youtube,acc,0.784
2stage_MLP_flyingsquid_triplet_mean,youtube,f1_binary,0.7522935779816514
2stage_MLP_flyingsquid_triplet_mean,youtube,f1_max,0.8389513108614232
2stage_MLP_flyingsquid_triplet_mean,youtube,mcc,0.5948528630923561
2stage_MLP_flyingsquid_triplet_mean,youtube,ece,0.13645777201652529
2stage_MLP_flyingsquid_triplet_mean,youtube,auc,0.9137179487179486
2stage_MLP_flyingsquid_triplet_mean,youtube,acc,0.828
2stage_MLP_flyingsquid_triplet_mean,youtube,f1_binary,0.8170212765957447
2stage_MLP_flyingsquid_triplet_mean,youtube,f1_max,0.8676470588235293
2stage_MLP_flyingsquid_triplet_mean,youtube,mcc,0.6715825450502851
2stage_MLP_flyingsquid_triplet_mean,youtube,ece,0.1239981026649475
2stage_MLP_flyingsquid_triplet_mean,youtube,auc,0.9006656426011264
2stage_MLP_flyingsquid_triplet_mean,youtube,acc,0.792
2stage_MLP_flyingsquid_triplet_mean,youtube,f1_binary,0.7547169811320754
2stage_MLP_flyingsquid_triplet_mean,youtube,f1_max,0.8235294117647058
2stage_MLP_flyingsquid_triplet_mean,youtube,mcc,0.6173306156530275
2stage_MLP_flyingsquid_triplet_mean,youtube,ece,0.1066916823387146
2stage_MLP_flyingsquid_triplet_mean,youtube,auc,0.9265700483091788
2stage_MLP_flyingsquid_triplet_mean,youtube,acc,0.584
2stage_MLP_flyingsquid_triplet_mean,youtube,f1_binary,0.37349397590361444
2stage_MLP_flyingsquid_triplet_mean,youtube,f1_max,0.859106529209622
2stage_MLP_flyingsquid_triplet_mean,youtube,mcc,0.3472488574259035
2stage_MLP_flyingsquid_triplet_mean,youtube,ece,0.15743428492546083
2stage_MLP_flyingsquid_triplet_mean,youtube,auc,0.9298245614035088
2stage_MLP_flyingsquid_triplet_mean,youtube,acc,0.824
2stage_MLP_flyingsquid_triplet_mean,youtube,f1_binary,0.8151260504201682
2stage_MLP_flyingsquid_triplet_mean,youtube,f1_max,0.8648648648648648
2stage_MLP_flyingsquid_triplet_mean,youtube,mcc,0.678360955026512
2stage_MLP_flyingsquid_triplet_mean,youtube,ece,0.13096930980682372
2stage_MLP_MV_hard,youtube,auc,0.9445832532513294
2stage_MLP_MV_hard,youtube,acc,0.86
2stage_MLP_MV_hard,youtube,f1_binary,0.8627450980392157
2stage_MLP_MV_hard,youtube,f1_max,0.8778625954198472
2stage_MLP_MV_hard,youtube,mcc,0.7201358369000814
2stage_MLP_MV_hard,youtube,ece,0.059091840267181416
2stage_MLP_MV_hard,youtube,auc,0.9316881948460894
2stage_MLP_MV_hard,youtube,acc,0.848
2stage_MLP_MV_hard,youtube,f1_binary,0.8442622950819673
2stage_MLP_MV_hard,youtube,f1_max,0.8923076923076924
2stage_MLP_MV_hard,youtube,mcc,0.7090738734378239
2stage_MLP_MV_hard,youtube,ece,0.04633294010162356
2stage_MLP_MV_hard,youtube,auc,0.9185711542154792
2stage_MLP_MV_hard,youtube,acc,0.788
2stage_MLP_MV_hard,youtube,f1_binary,0.7534883720930232
2stage_MLP_MV_hard,youtube,f1_max,0.8514056224899599
2stage_MLP_MV_hard,youtube,mcc,0.6080587122078233
2stage_MLP_MV_hard,youtube,ece,0.034033094406127916
2stage_MLP_MV_hard,youtube,auc,0.9330109143193256
2stage_MLP_MV_hard,youtube,acc,0.84
2stage_MLP_MV_hard,youtube,f1_binary,0.8449612403100775
2stage_MLP_MV_hard,youtube,f1_max,0.8972602739726028
2stage_MLP_MV_hard,youtube,mcc,0.7010501058545174
2stage_MLP_MV_hard,youtube,ece,0.07976905965805053
2stage_MLP_MV_hard,youtube,auc,0.920594262295082
2stage_MLP_MV_hard,youtube,acc,0.848
2stage_MLP_MV_hard,youtube,f1_binary,0.8347826086956522
2stage_MLP_MV_hard,youtube,f1_max,0.8560606060606061
2stage_MLP_MV_hard,youtube,mcc,0.6994341507972498
2stage_MLP_MV_hard,youtube,ece,0.05736274790763855
2stage_MLP_MV_soft,youtube,auc,0.941232955636643
2stage_MLP_MV_soft,youtube,acc,0.884
2stage_MLP_MV_soft,youtube,f1_binary,0.8835341365461847
2stage_MLP_MV_soft,youtube,f1_max,0.905511811023622
2stage_MLP_MV_soft,youtube,mcc,0.7687037906204015
2stage_MLP_MV_soft,youtube,ece,0.09556412768363952
2stage_MLP_MV_soft,youtube,auc,0.8675796137200439
2stage_MLP_MV_soft,youtube,acc,0.772
2stage_MLP_MV_soft,youtube,f1_binary,0.7135678391959799
2stage_MLP_MV_soft,youtube,f1_max,0.7890625
2stage_MLP_MV_soft,youtube,mcc,0.5435669524770521
2stage_MLP_MV_soft,youtube,ece,0.02300119304656982
2stage_MLP_MV_soft,youtube,auc,0.9421794871794872
2stage_MLP_MV_soft,youtube,acc,0.812
2stage_MLP_MV_soft,youtube,f1_binary,0.7751196172248804
2stage_MLP_MV_soft,youtube,f1_max,0.8916666666666667
2stage_MLP_MV_soft,youtube,mcc,0.6400909652468927
2stage_MLP_MV_soft,youtube,ece,0.027576303005218503
2stage_MLP_MV_soft,youtube,auc,0.9523809523809524
2stage_MLP_MV_soft,youtube,acc,0.804
2stage_MLP_MV_soft,youtube,f1_binary,0.7896995708154506
2stage_MLP_MV_soft,youtube,f1_max,0.9020979020979021
2stage_MLP_MV_soft,youtube,mcc,0.6555715306919819
2stage_MLP_MV_soft,youtube,ece,0.017236665725708006
2stage_MLP_MV_soft,youtube,auc,0.8985655737704917
2stage_MLP_MV_soft,youtube,acc,0.756
2stage_MLP_MV_soft,youtube,f1_binary,0.702439024390244
2stage_MLP_MV_soft,youtube,f1_max,0.8517110266159695
2stage_MLP_MV_soft,youtube,mcc,0.564656654496262
2stage_MLP_MV_soft,youtube,ece,0.07329213690757752
MLP_weasel_no_balance,youtube,auc,0.9413204508856684
MLP_weasel_no_balance,youtube,acc,0.796
MLP_weasel_no_balance,youtube,f1_binary,0.775330396475771
MLP_weasel_no_balance,youtube,f1_max,0.8888888888888888
MLP_weasel_no_balance,youtube,mcc,0.637715903280132
MLP_weasel_no_balance,youtube,ece,0.26955972146987917
MLP_weasel_no_balance,youtube,auc,0.911474358974359
MLP_weasel_no_balance,youtube,acc,0.772
MLP_weasel_no_balance,youtube,f1_binary,0.6984126984126985
MLP_weasel_no_balance,youtube,f1_max,0.8253968253968254
MLP_weasel_no_balance,youtube,mcc,0.5889056019564334
MLP_weasel_no_balance,youtube,ece,0.16160589814186097
MLP_weasel_no_balance,youtube,auc,0.923116317777351
MLP_weasel_no_balance,youtube,acc,0.692
MLP_weasel_no_balance,youtube,f1_binary,0.5792349726775956
MLP_weasel_no_balance,youtube,f1_max,0.8582375478927202
MLP_weasel_no_balance,youtube,mcc,0.47116995536566303
MLP_weasel_no_balance,youtube,ece,0.17844777846336365
MLP_weasel_no_balance,youtube,auc,0.9421106557377049
MLP_weasel_no_balance,youtube,acc,0.86
MLP_weasel_no_balance,youtube,f1_binary,0.8559670781893003
MLP_weasel_no_balance,youtube,f1_max,0.8735632183908045
MLP_weasel_no_balance,youtube,mcc,0.7244499638066086
MLP_weasel_no_balance,youtube,ece,0.3463556089401245
MLP_weasel_no_balance,youtube,auc,0.9166024653312789
MLP_weasel_no_balance,youtube,acc,0.76
MLP_weasel_no_balance,youtube,f1_binary,0.7169811320754716
MLP_weasel_no_balance,youtube,f1_max,0.8582375478927203
MLP_weasel_no_balance,youtube,mcc,0.5798892036972315
MLP_weasel_no_balance,youtube,ece,0.24359111523628235
Ground_truth_MLP,sms,auc,0.99584918713248
Ground_truth_MLP,sms,acc,0.988
Ground_truth_MLP,sms,f1_binary,0.9491525423728814
Ground_truth_MLP,sms,f1_max,0.9491525423728814
Ground_truth_MLP,sms,mcc,0.942349821284446
Ground_truth_MLP,sms,ece,0.02046121108531951
Ground_truth_MLP,sms,auc,0.9886538192989807
Ground_truth_MLP,sms,acc,0.978
Ground_truth_MLP,sms,f1_binary,0.9147286821705426
Ground_truth_MLP,sms,f1_max,0.921875
Ground_truth_MLP,sms,mcc,0.9024290368026472
Ground_truth_MLP,sms,ece,0.007688073158264148
Ground_truth_MLP,sms,auc,0.9840068653456078
Ground_truth_MLP,sms,acc,0.98
Ground_truth_MLP,sms,f1_binary,0.9137931034482759
Ground_truth_MLP,sms,f1_max,0.9369369369369369
Ground_truth_MLP,sms,mcc,0.9024808862537057
Ground_truth_MLP,sms,ece,0.011175481200218154
Ground_truth_MLP,sms,auc,0.9904000000000001
Ground_truth_MLP,sms,acc,0.982
Ground_truth_MLP,sms,f1_binary,0.9403973509933775
Ground_truth_MLP,sms,f1_max,0.9411764705882353
Ground_truth_MLP,sms,mcc,0.9298254798720335
Ground_truth_MLP,sms,ece,0.014888361692428635
Ground_truth_MLP,sms,auc,0.9981060606060607
Ground_truth_MLP,sms,acc,0.988
Ground_truth_MLP,sms,f1_binary,0.9500000000000001
Ground_truth_MLP,sms,f1_max,0.9500000000000001
Ground_truth_MLP,sms,mcc,0.9431818181818182
Ground_truth_MLP,sms,ece,0.012731817722320533
supervised_validation_MLP,sms,auc,0.9638942617666022
supervised_validation_MLP,sms,acc,0.942
supervised_validation_MLP,sms,f1_binary,0.7913669064748201
supervised_validation_MLP,sms,f1_max,0.8243243243243243
supervised_validation_MLP,sms,mcc,0.7641428539513418
supervised_validation_MLP,sms,ece,0.010612075686454751
supervised_validation_MLP,sms,auc,0.9790532048596565
supervised_validation_MLP,sms,acc,0.946
supervised_validation_MLP,sms,f1_binary,0.8085106382978724
supervised_validation_MLP,sms,f1_max,0.8333333333333333
supervised_validation_MLP,sms,mcc,0.7793795069037689
supervised_validation_MLP,sms,ece,0.030371020793914814
supervised_validation_MLP,sms,auc,0.9949674261487023
supervised_validation_MLP,sms,acc,0.978
supervised_validation_MLP,sms,f1_binary,0.9172932330827067
supervised_validation_MLP,sms,f1_max,0.9172932330827067
supervised_validation_MLP,sms,mcc,0.9046406501651698
supervised_validation_MLP,sms,ece,0.036059107422828675
supervised_validation_MLP,sms,auc,0.9930715935334872
supervised_validation_MLP,sms,acc,0.974
supervised_validation_MLP,sms,f1_binary,0.8976377952755905
supervised_validation_MLP,sms,f1_max,0.9333333333333335
supervised_validation_MLP,sms,mcc,0.8845616374196614
supervised_validation_MLP,sms,ece,0.015312404155731242
supervised_validation_MLP,sms,auc,0.9818305619266056
supervised_validation_MLP,sms,acc,0.972
supervised_validation_MLP,sms,f1_binary,0.890625
supervised_validation_MLP,sms,f1_max,0.8976377952755906
supervised_validation_MLP,sms,mcc,0.8745699541284404
supervised_validation_MLP,sms,ece,0.03230413520336151
2stage_MLP_snorkel,sms,auc,0.9934752747252746
2stage_MLP_snorkel,sms,acc,0.894
2stage_MLP_snorkel,sms,f1_binary,0.5391304347826087
2stage_MLP_snorkel,sms,f1_max,0.9294117647058823
2stage_MLP_snorkel,sms,mcc,0.5721388620339359
2stage_MLP_snorkel,sms,ece,0.04733157193660733
2stage_MLP_snorkel,sms,auc,0.9797878440366973
2stage_MLP_snorkel,sms,acc,0.916
2stage_MLP_snorkel,sms,f1_binary,0.5116279069767442
2stage_MLP_snorkel,sms,f1_max,0.8870967741935484
2stage_MLP_snorkel,sms,mcc,0.5599518060553091
2stage_MLP_snorkel,sms,ece,0.0362025909423828
2stage_MLP_snorkel,sms,auc,0.9858800893743793
2stage_MLP_snorkel,sms,acc,0.876
2stage_MLP_snorkel,sms,f1_binary,0.3111111111111111
2stage_MLP_snorkel,sms,f1_max,0.8947368421052632
2stage_MLP_snorkel,sms,mcc,0.40088703897776434
2stage_MLP_snorkel,sms,ece,0.0716617447137833
2stage_MLP_snorkel,sms,auc,0.9871651785714286
2stage_MLP_snorkel,sms,acc,0.934
2stage_MLP_snorkel,sms,f1_binary,0.5352112676056338
2stage_MLP_snorkel,sms,f1_max,0.8867924528301887
2stage_MLP_snorkel,sms,mcc,0.5833666497229301
2stage_MLP_snorkel,sms,ece,0.036170686244964625
2stage_MLP_snorkel,sms,auc,0.9646309912854031
2stage_MLP_snorkel,sms,acc,0.864
2stage_MLP_snorkel,sms,f1_binary,0.0
2stage_MLP_snorkel,sms,f1_max,0.8905109489051095
2stage_MLP_snorkel,sms,mcc,0.0
2stage_MLP_snorkel,sms,ece,0.12096418082714083
2stage_MLP_flyingsquid_triplet_mean,sms,auc,0.9119338242711591
2stage_MLP_flyingsquid_triplet_mean,sms,acc,0.862
2stage_MLP_flyingsquid_triplet_mean,sms,f1_binary,0.0
2stage_MLP_flyingsquid_triplet_mean,sms,f1_max,0.6666666666666666
2stage_MLP_flyingsquid_triplet_mean,sms,mcc,0.0
2stage_MLP_flyingsquid_triplet_mean,sms,ece,0.13847255337238312
2stage_MLP_flyingsquid_triplet_mean,sms,auc,0.9198325163398693
2stage_MLP_flyingsquid_triplet_mean,sms,acc,0.864
2stage_MLP_flyingsquid_triplet_mean,sms,f1_binary,0.0
2stage_MLP_flyingsquid_triplet_mean,sms,f1_max,0.6257668711656442
2stage_MLP_flyingsquid_triplet_mean,sms,mcc,0.0
2stage_MLP_flyingsquid_triplet_mean,sms,ece,0.12880799317359923
2stage_MLP_flyingsquid_triplet_mean,sms,auc,0.9248826291079812
2stage_MLP_flyingsquid_triplet_mean,sms,acc,0.858
2stage_MLP_flyingsquid_triplet_mean,sms,f1_binary,0.0
2stage_MLP_flyingsquid_triplet_mean,sms,f1_max,0.6627218934911242
2stage_MLP_flyingsquid_triplet_mean,sms,mcc,0.0
2stage_MLP_flyingsquid_triplet_mean,sms,ece,0.14551646876335145
2stage_MLP_flyingsquid_triplet_mean,sms,auc,0.9151348039215685
2stage_MLP_flyingsquid_triplet_mean,sms,acc,0.864
2stage_MLP_flyingsquid_triplet_mean,sms,f1_binary,0.0
2stage_MLP_flyingsquid_triplet_mean,sms,f1_max,0.6187845303867403
2stage_MLP_flyingsquid_triplet_mean,sms,mcc,0.0
2stage_MLP_flyingsquid_triplet_mean,sms,ece,0.13542415213584902
2stage_MLP_flyingsquid_triplet_mean,sms,auc,0.9140155619028858
2stage_MLP_flyingsquid_triplet_mean,sms,acc,0.858
2stage_MLP_flyingsquid_triplet_mean,sms,f1_binary,0.0
2stage_MLP_flyingsquid_triplet_mean,sms,f1_max,0.6352941176470589
2stage_MLP_flyingsquid_triplet_mean,sms,mcc,0.0
2stage_MLP_flyingsquid_triplet_mean,sms,ece,0.13453096354007724
2stage_MLP_MV_hard,sms,auc,0.9884371777875975
2stage_MLP_MV_hard,sms,acc,0.97
2stage_MLP_MV_hard,sms,f1_binary,0.8695652173913043
2stage_MLP_MV_hard,sms,f1_max,0.90625
2stage_MLP_MV_hard,sms,mcc,0.8560817466289106
2stage_MLP_MV_hard,sms,ece,0.05504345607757567
2stage_MLP_MV_hard,sms,auc,0.9937258687258688
2stage_MLP_MV_hard,sms,acc,0.978
2stage_MLP_MV_hard,sms,f1_binary,0.8990825688073395
2stage_MLP_MV_hard,sms,f1_max,0.9074074074074073
2stage_MLP_MV_hard,sms,mcc,0.8871706713919499
2stage_MLP_MV_hard,sms,ece,0.06025691902637482
2stage_MLP_MV_hard,sms,auc,0.9886396215596331
2stage_MLP_MV_hard,sms,acc,0.97
2stage_MLP_MV_hard,sms,f1_binary,0.8717948717948717
2stage_MLP_MV_hard,sms,f1_max,0.8992248062015504
2stage_MLP_MV_hard,sms,mcc,0.8598536277731728
2stage_MLP_MV_hard,sms,ece,0.0545006302595139
2stage_MLP_MV_hard,sms,auc,0.9928400954653938
2stage_MLP_MV_hard,sms,acc,0.916
2stage_MLP_MV_hard,sms,f1_binary,0.65
2stage_MLP_MV_hard,sms,f1_max,0.9036144578313252
2stage_MLP_MV_hard,sms,mcc,0.6615251239947181
2stage_MLP_MV_hard,sms,ece,0.038726572871208204
2stage_MLP_MV_hard,sms,auc,0.9895833333333333
2stage_MLP_MV_hard,sms,acc,0.97
2stage_MLP_MV_hard,sms,f1_binary,0.8717948717948718
2stage_MLP_MV_hard,sms,f1_max,0.9032258064516129
2stage_MLP_MV_hard,sms,mcc,0.8551805496851894
2stage_MLP_MV_hard,sms,ece,0.06383479046821594
2stage_MLP_MV_soft,sms,auc,0.9684818224371977
2stage_MLP_MV_soft,sms,acc,0.972
2stage_MLP_MV_soft,sms,f1_binary,0.875
2stage_MLP_MV_soft,sms,f1_max,0.890909090909091
2stage_MLP_MV_soft,sms,mcc,0.8599524423863368
2stage_MLP_MV_soft,sms,ece,0.05412465286254884
2stage_MLP_MV_soft,sms,auc,0.9852747746302654
2stage_MLP_MV_soft,sms,acc,0.954
2stage_MLP_MV_soft,sms,f1_binary,0.8270676691729323
2stage_MLP_MV_soft,sms,f1_max,0.8734177215189873
2stage_MLP_MV_soft,sms,mcc,0.8059544522169468
2stage_MLP_MV_soft,sms,ece,0.052632433652877786
2stage_MLP_MV_soft,sms,auc,0.9940043814135824
2stage_MLP_MV_soft,sms,acc,0.938
2stage_MLP_MV_soft,sms,f1_binary,0.6666666666666667
2stage_MLP_MV_soft,sms,f1_max,0.9105691056910569
2stage_MLP_MV_soft,sms,mcc,0.6646040575295206
2stage_MLP_MV_soft,sms,ece,0.03137888514995575
2stage_MLP_MV_soft,sms,auc,0.9719615064749911
2stage_MLP_MV_soft,sms,acc,0.97
2stage_MLP_MV_soft,sms,f1_binary,0.8648648648648649
2stage_MLP_MV_soft,sms,f1_max,0.8727272727272727
2stage_MLP_MV_soft,sms,mcc,0.848397924785005
2stage_MLP_MV_soft,sms,ece,0.06023843622207643
2stage_MLP_MV_soft,sms,auc,0.9824359122179946
2stage_MLP_MV_soft,sms,acc,0.974
2stage_MLP_MV_soft,sms,f1_binary,0.8807339449541285
2stage_MLP_MV_soft,sms,f1_max,0.9243697478991596
2stage_MLP_MV_soft,sms,mcc,0.8699925638559817
2stage_MLP_MV_soft,sms,ece,0.04228920388221744
MLP_weasel_no_balance,sms,auc,0.9937954568956603
MLP_weasel_no_balance,sms,acc,0.972
MLP_weasel_no_balance,sms,f1_binary,0.9
MLP_weasel_no_balance,sms,f1_max,0.9160305343511451
MLP_weasel_no_balance,sms,mcc,0.8848544440712747
MLP_weasel_no_balance,sms,ece,0.40322955799102783
MLP_weasel_no_balance,sms,auc,0.9975083056478405
MLP_weasel_no_balance,sms,acc,0.98
MLP_weasel_no_balance,sms,f1_binary,0.9295774647887323
MLP_weasel_no_balance,sms,f1_max,0.9428571428571428
MLP_weasel_no_balance,sms,mcc,0.9180488407737438
MLP_weasel_no_balance,sms,ece,0.4570344971418381
MLP_weasel_no_balance,sms,auc,0.9792964693665628
MLP_weasel_no_balance,sms,acc,0.948
MLP_weasel_no_balance,sms,f1_binary,0.8354430379746837
MLP_weasel_no_balance,sms,f1_max,0.87248322147651
MLP_weasel_no_balance,sms,mcc,0.8093323237308269
MLP_weasel_no_balance,sms,ece,0.37013579106330874
MLP_weasel_no_balance,sms,auc,0.9907407407407407
MLP_weasel_no_balance,sms,acc,0.97
MLP_weasel_no_balance,sms,f1_binary,0.8951048951048952
MLP_weasel_no_balance,sms,f1_max,0.9343065693430658
MLP_weasel_no_balance,sms,mcc,0.8790849673202614
MLP_weasel_no_balance,sms,ece,0.37174345993995667
MLP_weasel_no_balance,sms,auc,0.996264488199972
MLP_weasel_no_balance,sms,acc,0.95
MLP_weasel_no_balance,sms,f1_binary,0.8387096774193549
MLP_weasel_no_balance,sms,f1_max,0.9384615384615383
MLP_weasel_no_balance,sms,mcc,0.8225705958660036
MLP_weasel_no_balance,sms,ece,0.418961065530777
Ground_truth_MLP,yelp,auc,0.9122937940999184
Ground_truth_MLP,yelp,acc,0.838421052631579
Ground_truth_MLP,yelp,f1_binary,0.8396866840731071
Ground_truth_MLP,yelp,f1_max,0.8427769270035733
Ground_truth_MLP,yelp,mcc,0.6769896804493698
Ground_truth_MLP,yelp,ece,0.024495565326590297
Ground_truth_MLP,yelp,auc,0.9001531360466624
Ground_truth_MLP,yelp,acc,0.8271052631578948
Ground_truth_MLP,yelp,f1_binary,0.8217096336499322
Ground_truth_MLP,yelp,f1_max,0.8345286885245902
Ground_truth_MLP,yelp,mcc,0.6580894127272559
Ground_truth_MLP,yelp,ece,0.016531773742876555
Ground_truth_MLP,yelp,auc,0.9172208462569575
Ground_truth_MLP,yelp,acc,0.8318421052631579
Ground_truth_MLP,yelp,f1_binary,0.8150506512301013
Ground_truth_MLP,yelp,f1_max,0.8500918876345497
Ground_truth_MLP,yelp,mcc,0.6744163317968436
Ground_truth_MLP,yelp,ece,0.010610201421536885
Ground_truth_MLP,yelp,auc,0.9095332334586199
Ground_truth_MLP,yelp,acc,0.8278947368421052
Ground_truth_MLP,yelp,f1_binary,0.8296874999999999
Ground_truth_MLP,yelp,f1_max,0.8318725099601594
Ground_truth_MLP,yelp,mcc,0.65622122105005
Ground_truth_MLP,yelp,ece,0.01918790923921686
Ground_truth_MLP,yelp,auc,0.9135642007329186
Ground_truth_MLP,yelp,acc,0.8242105263157895
Ground_truth_MLP,yelp,f1_binary,0.8090337335620356
Ground_truth_MLP,yelp,f1_max,0.8389261744966443
Ground_truth_MLP,yelp,mcc,0.6558062947247852
Ground_truth_MLP,yelp,ece,0.021606646117411185
supervised_validation_MLP,yelp,auc,0.8853585956467444
supervised_validation_MLP,yelp,acc,0.8021052631578948
supervised_validation_MLP,yelp,f1_binary,0.7893557422969187
supervised_validation_MLP,yelp,f1_max,0.8172537008677897
supervised_validation_MLP,yelp,mcc,0.6102260487055206
supervised_validation_MLP,yelp,ece,0.052371358902830845
supervised_validation_MLP,yelp,auc,0.890738313117013
supervised_validation_MLP,yelp,acc,0.8152631578947368
supervised_validation_MLP,yelp,f1_binary,0.8190721649484536
supervised_validation_MLP,yelp,f1_max,0.8267581475128646
supervised_validation_MLP,yelp,mcc,0.6304171788404656
supervised_validation_MLP,yelp,ece,0.05620154205121492
supervised_validation_MLP,yelp,auc,0.8735318014011824
supervised_validation_MLP,yelp,acc,0.7918421052631579
supervised_validation_MLP,yelp,f1_binary,0.7993913264012174
supervised_validation_MLP,yelp,f1_max,0.7989847715736041
supervised_validation_MLP,yelp,mcc,0.585807463295188
supervised_validation_MLP,yelp,ece,0.039851863854809794
supervised_validation_MLP,yelp,auc,0.8824766360319383
supervised_validation_MLP,yelp,acc,0.8055263157894736
supervised_validation_MLP,yelp,f1_binary,0.8012906695348213
supervised_validation_MLP,yelp,f1_max,0.8029197080291971
supervised_validation_MLP,yelp,mcc,0.6109080942492731
supervised_validation_MLP,yelp,ece,0.05065360279459705
supervised_validation_MLP,yelp,auc,0.8970383451408943
supervised_validation_MLP,yelp,acc,0.8121052631578948
supervised_validation_MLP,yelp,f1_binary,0.8217673489765351
supervised_validation_MLP,yelp,f1_max,0.8254716981132075
supervised_validation_MLP,yelp,mcc,0.6274552273920849
supervised_validation_MLP,yelp,ece,0.0463467922022468
2stage_MLP_snorkel,yelp,auc,0.8972658448909396
2stage_MLP_snorkel,yelp,acc,0.5476315789473685
2stage_MLP_snorkel,yelp,f1_binary,0.6864855006383366
2stage_MLP_snorkel,yelp,f1_max,0.8229034709906258
2stage_MLP_snorkel,yelp,mcc,0.22963869790722444
2stage_MLP_snorkel,yelp,ece,0.21465251168138103
2stage_MLP_snorkel,yelp,auc,0.8930000421060097
2stage_MLP_snorkel,yelp,acc,0.5542105263157895
2stage_MLP_snorkel,yelp,f1_binary,0.6922238372093023
2stage_MLP_snorkel,yelp,f1_max,0.8223502881483338
2stage_MLP_snorkel,yelp,mcc,0.23217960109349384
2stage_MLP_snorkel,yelp,ece,0.1975193549771058
2stage_MLP_snorkel,yelp,auc,0.90340888310105
2stage_MLP_snorkel,yelp,acc,0.6255263157894737
2stage_MLP_snorkel,yelp,f1_binary,0.7217986314760508
2stage_MLP_snorkel,yelp,f1_max,0.8258426966292134
2stage_MLP_snorkel,yelp,mcc,0.37130956709976215
2stage_MLP_snorkel,yelp,ece,0.12267248101924594
2stage_MLP_snorkel,yelp,auc,0.8956772695520365
2stage_MLP_snorkel,yelp,acc,0.5886842105263158
2stage_MLP_snorkel,yelp,f1_binary,0.7000575705238918
2stage_MLP_snorkel,yelp,f1_max,0.8132886943085244
2stage_MLP_snorkel,yelp,mcc,0.3220385634202796
2stage_MLP_snorkel,yelp,ece,0.14967024814141425
2stage_MLP_snorkel,yelp,auc,0.9031338731407355
2stage_MLP_snorkel,yelp,acc,0.7381578947368421
2stage_MLP_snorkel,yelp,f1_binary,0.7873477238726224
2stage_MLP_snorkel,yelp,f1_max,0.8301703163017031
2stage_MLP_snorkel,yelp,mcc,0.5282862365662723
2stage_MLP_snorkel,yelp,ece,0.2161850491166115
2stage_MLP_flyingsquid_triplet_mean,yelp,auc,0.8886460952380952
2stage_MLP_flyingsquid_triplet_mean,yelp,acc,0.6128947368421053
2stage_MLP_flyingsquid_triplet_mean,yelp,f1_binary,0.7149777174966091
2stage_MLP_flyingsquid_triplet_mean,yelp,f1_max,0.811080608934365
2stage_MLP_flyingsquid_triplet_mean,yelp,mcc,0.34415955480581917
2stage_MLP_flyingsquid_triplet_mean,yelp,ece,0.13553272208100872
2stage_MLP_flyingsquid_triplet_mean,yelp,auc,0.895887353784645
2stage_MLP_flyingsquid_triplet_mean,yelp,acc,0.7402631578947368
2stage_MLP_flyingsquid_triplet_mean,yelp,f1_binary,0.7838843880008759
2stage_MLP_flyingsquid_triplet_mean,yelp,f1_max,0.8158303155716504
2stage_MLP_flyingsquid_triplet_mean,yelp,mcc,0.5312200474860975
2stage_MLP_flyingsquid_triplet_mean,yelp,ece,0.08529458227910496
2stage_MLP_flyingsquid_triplet_mean,yelp,auc,0.8992890978848577
2stage_MLP_flyingsquid_triplet_mean,yelp,acc,0.6757894736842105
2stage_MLP_flyingsquid_triplet_mean,yelp,f1_binary,0.7532051282051282
2stage_MLP_flyingsquid_triplet_mean,yelp,f1_max,0.8250123578843302
2stage_MLP_flyingsquid_triplet_mean,yelp,mcc,0.4390922603662696
2stage_MLP_flyingsquid_triplet_mean,yelp,ece,0.06882882606042061
2stage_MLP_flyingsquid_triplet_mean,yelp,auc,0.9048462340294278
2stage_MLP_flyingsquid_triplet_mean,yelp,acc,0.6092105263157894
2stage_MLP_flyingsquid_triplet_mean,yelp,f1_binary,0.7171967244334412
2stage_MLP_flyingsquid_triplet_mean,yelp,f1_max,0.8285504047093452
2stage_MLP_flyingsquid_triplet_mean,yelp,mcc,0.33738061227469013
2stage_MLP_flyingsquid_triplet_mean,yelp,ece,0.14889384533229627
2stage_MLP_flyingsquid_triplet_mean,yelp,auc,0.8977324344105939
2stage_MLP_flyingsquid_triplet_mean,yelp,acc,0.6360526315789473
2stage_MLP_flyingsquid_triplet_mean,yelp,f1_binary,0.7341918124159138
2stage_MLP_flyingsquid_triplet_mean,yelp,f1_max,0.8250254323499492
2stage_MLP_flyingsquid_triplet_mean,yelp,mcc,0.3681630142723753
2stage_MLP_flyingsquid_triplet_mean,yelp,ece,0.1267759534089189
2stage_MLP_MV_hard,yelp,auc,0.8943290519490893
2stage_MLP_MV_hard,yelp,acc,0.6747368421052632
2stage_MLP_MV_hard,yelp,f1_binary,0.756979944946913
2stage_MLP_MV_hard,yelp,f1_max,0.8246691871455576
2stage_MLP_MV_hard,yelp,mcc,0.4257216733409438
2stage_MLP_MV_hard,yelp,ece,0.07873585034357874
2stage_MLP_MV_hard,yelp,auc,0.8976660915967773
2stage_MLP_MV_hard,yelp,acc,0.6168421052631579
2stage_MLP_MV_hard,yelp,f1_binary,0.7204301075268817
2stage_MLP_MV_hard,yelp,f1_max,0.8244667180673347
2stage_MLP_MV_hard,yelp,mcc,0.3498005753580697
2stage_MLP_MV_hard,yelp,ece,0.14665817703071393
2stage_MLP_MV_hard,yelp,auc,0.8978091665475529
2stage_MLP_MV_hard,yelp,acc,0.6492105263157895
2stage_MLP_MV_hard,yelp,f1_binary,0.7375467611734594
2stage_MLP_MV_hard,yelp,f1_max,0.8227024212444676
2stage_MLP_MV_hard,yelp,mcc,0.40503051047937466
2stage_MLP_MV_hard,yelp,ece,0.10628984686575438
2stage_MLP_MV_hard,yelp,auc,0.889717802927465
2stage_MLP_MV_hard,yelp,acc,0.6586842105263158
2stage_MLP_MV_hard,yelp,f1_binary,0.7433207995250347
2stage_MLP_MV_hard,yelp,f1_max,0.8155737704918032
2stage_MLP_MV_hard,yelp,mcc,0.40954136528055085
2stage_MLP_MV_hard,yelp,ece,0.09531355252391412
2stage_MLP_MV_hard,yelp,auc,0.8960374383685097
2stage_MLP_MV_hard,yelp,acc,0.6057894736842105
2stage_MLP_MV_hard,yelp,f1_binary,0.7133562954458477
2stage_MLP_MV_hard,yelp,f1_max,0.8154037267080745
2stage_MLP_MV_hard,yelp,mcc,0.33948355719698275
2stage_MLP_MV_hard,yelp,ece,0.15676301041716023
2stage_MLP_MV_soft,yelp,auc,0.8915828254847645
2stage_MLP_MV_soft,yelp,acc,0.7121052631578947
2stage_MLP_MV_soft,yelp,f1_binary,0.7692956558414171
2stage_MLP_MV_soft,yelp,f1_max,0.8163877092180863
2stage_MLP_MV_soft,yelp,mcc,0.4884726480348003
2stage_MLP_MV_soft,yelp,ece,0.031365515668141226
2stage_MLP_MV_soft,yelp,auc,0.8987630894749137
2stage_MLP_MV_soft,yelp,acc,0.6828947368421052
2stage_MLP_MV_soft,yelp,f1_binary,0.7516999793941892
2stage_MLP_MV_soft,yelp,f1_max,0.8204865556978234
2stage_MLP_MV_soft,yelp,mcc,0.45795493062118386
2stage_MLP_MV_soft,yelp,ece,0.05462067925616315
2stage_MLP_MV_soft,yelp,auc,0.897080382153748
2stage_MLP_MV_soft,yelp,acc,0.6318421052631579
2stage_MLP_MV_soft,yelp,f1_binary,0.7293480363706714
2stage_MLP_MV_soft,yelp,f1_max,0.8246851385390428
2stage_MLP_MV_soft,yelp,mcc,0.37029163989436326
2stage_MLP_MV_soft,yelp,ece,0.12442397064284273
2stage_MLP_MV_soft,yelp,auc,0.888577859192202
2stage_MLP_MV_soft,yelp,acc,0.7321052631578947
2stage_MLP_MV_soft,yelp,f1_binary,0.7779232111692845
2stage_MLP_MV_soft,yelp,f1_max,0.813628273582507
2stage_MLP_MV_soft,yelp,mcc,0.5180794481553256
2stage_MLP_MV_soft,yelp,ece,0.027524835326169683
2stage_MLP_MV_soft,yelp,auc,0.8966165590570987
2stage_MLP_MV_soft,yelp,acc,0.6428947368421053
2stage_MLP_MV_soft,yelp,f1_binary,0.7323999211200946
2stage_MLP_MV_soft,yelp,f1_max,0.8292433537832311
2stage_MLP_MV_soft,yelp,mcc,0.38883268865394227
2stage_MLP_MV_soft,yelp,ece,0.10447390752403359
MLP_weasel_no_balance,yelp,auc,0.8897593112284481
MLP_weasel_no_balance,yelp,acc,0.7842105263157895
MLP_weasel_no_balance,yelp,f1_binary,0.8102730217491901
MLP_weasel_no_balance,yelp,f1_max,0.8193532701191345
MLP_weasel_no_balance,yelp,mcc,0.5839094755996668
MLP_weasel_no_balance,yelp,ece,0.27424573136003394
MLP_weasel_no_balance,yelp,auc,0.8951435713462426
MLP_weasel_no_balance,yelp,acc,0.7510526315789474
MLP_weasel_no_balance,yelp,f1_binary,0.7955920484010371
MLP_weasel_no_balance,yelp,f1_max,0.8220419847328244
MLP_weasel_no_balance,yelp,mcc,0.5467853766079839
MLP_weasel_no_balance,yelp,ece,0.24034267640427537
MLP_weasel_no_balance,yelp,auc,0.8869773403933192
MLP_weasel_no_balance,yelp,acc,0.8002631578947368
MLP_weasel_no_balance,yelp,f1_binary,0.7881663410549817
MLP_weasel_no_balance,yelp,f1_max,0.8155151515151515
MLP_weasel_no_balance,yelp,mcc,0.60649527975176
MLP_weasel_no_balance,yelp,ece,0.29075160108114545
MLP_weasel_no_balance,yelp,auc,0.8917639889196675
MLP_weasel_no_balance,yelp,acc,0.8118421052631579
MLP_weasel_no_balance,yelp,f1_binary,0.8123852007347153
MLP_weasel_no_balance,yelp,f1_max,0.818937295391589
MLP_weasel_no_balance,yelp,mcc,0.6236946631144908
MLP_weasel_no_balance,yelp,ece,0.3035406986663216
MLP_weasel_no_balance,yelp,auc,0.8918519852345367
MLP_weasel_no_balance,yelp,acc,0.7694736842105263
MLP_weasel_no_balance,yelp,f1_binary,0.8009090909090909
MLP_weasel_no_balance,yelp,f1_max,0.8176004093118444
MLP_weasel_no_balance,yelp,mcc,0.563928758652837
MLP_weasel_no_balance,yelp,ece,0.25806740922363186
Ground_truth_MLP,agnews,acc,0.79925
Ground_truth_MLP,agnews,f1_macro,0.7985582172538732
Ground_truth_MLP,agnews,mcc,0.7323394324659225
Ground_truth_MLP,agnews,ece,0.07811704329649606
Ground_truth_MLP,agnews,acc,0.7986666666666666
Ground_truth_MLP,agnews,f1_macro,0.7986068104813613
Ground_truth_MLP,agnews,mcc,0.7316927739919167
Ground_truth_MLP,agnews,ece,0.07814692090948425
Ground_truth_MLP,agnews,acc,0.7995833333333333
Ground_truth_MLP,agnews,f1_macro,0.7994452358844657
Ground_truth_MLP,agnews,mcc,0.7330413300157914
Ground_truth_MLP,agnews,ece,0.07089368721097707
Ground_truth_MLP,agnews,acc,0.8045
Ground_truth_MLP,agnews,f1_macro,0.8030731585577326
Ground_truth_MLP,agnews,mcc,0.7394943578150851
Ground_truth_MLP,agnews,ece,0.07118918747454878
Ground_truth_MLP,agnews,acc,0.8013333333333333
Ground_truth_MLP,agnews,f1_macro,0.8002399846867669
Ground_truth_MLP,agnews,mcc,0.7352534664866707
Ground_truth_MLP,agnews,ece,0.07140112664053835
supervised_validation_MLP,agnews,acc,0.73075
supervised_validation_MLP,agnews,f1_macro,0.7299726794337407
supervised_validation_MLP,agnews,mcc,0.6419534150589493
supervised_validation_MLP,agnews,ece,0.21776934375613932
supervised_validation_MLP,agnews,acc,0.72325
supervised_validation_MLP,agnews,f1_macro,0.7221663187772691
supervised_validation_MLP,agnews,mcc,0.6313707350037121
supervised_validation_MLP,agnews,ece,0.22366423190633455
supervised_validation_MLP,agnews,acc,0.7331666666666666
supervised_validation_MLP,agnews,f1_macro,0.7321140610351378
supervised_validation_MLP,agnews,mcc,0.6450689879549912
supervised_validation_MLP,agnews,ece,0.2322661363631487
supervised_validation_MLP,agnews,acc,0.7199166666666666
supervised_validation_MLP,agnews,f1_macro,0.7183440155296205
supervised_validation_MLP,agnews,mcc,0.6267766139932635
supervised_validation_MLP,agnews,ece,0.2222135842939218
supervised_validation_MLP,agnews,acc,0.7186666666666667
supervised_validation_MLP,agnews,f1_macro,0.7158761406447007
supervised_validation_MLP,agnews,mcc,0.6256240780900524
supervised_validation_MLP,agnews,ece,0.20663840526590746
2stage_MLP_snorkel,agnews,acc,0.7968333333333333
2stage_MLP_snorkel,agnews,f1_macro,0.7951803149392496
2stage_MLP_snorkel,agnews,mcc,0.7294041739331724
2stage_MLP_snorkel,agnews,ece,0.17706174321720997
2stage_MLP_snorkel,agnews,acc,0.79425
2stage_MLP_snorkel,agnews,f1_macro,0.7938177422616348
2stage_MLP_snorkel,agnews,mcc,0.7262386883113496
2stage_MLP_snorkel,agnews,ece,0.18367968409260113
2stage_MLP_snorkel,agnews,acc,0.8026666666666666
2stage_MLP_snorkel,agnews,f1_macro,0.8026678276685064
2stage_MLP_snorkel,agnews,mcc,0.7371220216150713
2stage_MLP_snorkel,agnews,ece,0.2276458344062169
2stage_MLP_snorkel,agnews,acc,0.7905833333333333
2stage_MLP_snorkel,agnews,f1_macro,0.788497840758054
2stage_MLP_snorkel,agnews,mcc,0.7216188049387674
2stage_MLP_snorkel,agnews,ece,0.18609766518076262
2stage_MLP_snorkel,agnews,acc,0.8160833333333334
2stage_MLP_snorkel,agnews,f1_macro,0.8155216225006843
2stage_MLP_snorkel,agnews,mcc,0.7551167526672621
2stage_MLP_snorkel,agnews,ece,0.5013101242110133
2stage_MLP_flyingsquid_triplet_mean,agnews,acc,0.7951666666666667
2stage_MLP_flyingsquid_triplet_mean,agnews,f1_macro,0.7918871972874637
2stage_MLP_flyingsquid_triplet_mean,agnews,mcc,0.7294303699210546
2stage_MLP_flyingsquid_triplet_mean,agnews,ece,0.4968218731035789
2stage_MLP_flyingsquid_triplet_mean,agnews,acc,0.7870833333333334
2stage_MLP_flyingsquid_triplet_mean,agnews,f1_macro,0.7815803094278686
2stage_MLP_flyingsquid_triplet_mean,agnews,mcc,0.7197437058778708
2stage_MLP_flyingsquid_triplet_mean,agnews,ece,0.48908704628795385
2stage_MLP_flyingsquid_triplet_mean,agnews,acc,0.7540833333333333
2stage_MLP_flyingsquid_triplet_mean,agnews,f1_macro,0.7490320556463801
2stage_MLP_flyingsquid_triplet_mean,agnews,mcc,0.6800419354196502
2stage_MLP_flyingsquid_triplet_mean,agnews,ece,0.46326149462908506
2stage_MLP_flyingsquid_triplet_mean,agnews,acc,0.7561666666666667
2stage_MLP_flyingsquid_triplet_mean,agnews,f1_macro,0.7495953728655222
2stage_MLP_flyingsquid_triplet_mean,agnews,mcc,0.6838222996357152
2stage_MLP_flyingsquid_triplet_mean,agnews,ece,0.46110813339054585
2stage_MLP_flyingsquid_triplet_mean,agnews,acc,0.7984166666666667
2stage_MLP_flyingsquid_triplet_mean,agnews,f1_macro,0.7958149037069742
2stage_MLP_flyingsquid_triplet_mean,agnews,mcc,0.7334293527078372
2stage_MLP_flyingsquid_triplet_mean,agnews,ece,0.5021439610545834
2stage_MLP_MV_hard,agnews,acc,0.79225
2stage_MLP_MV_hard,agnews,f1_macro,0.791534401125608
2stage_MLP_MV_hard,agnews,mcc,0.7244508729336993
2stage_MLP_MV_hard,agnews,ece,0.10180691182365022
2stage_MLP_MV_hard,agnews,acc,0.7845
2stage_MLP_MV_hard,agnews,f1_macro,0.783433793880623
2stage_MLP_MV_hard,agnews,mcc,0.714548444452004
2stage_MLP_MV_hard,agnews,ece,0.09242422218620776
2stage_MLP_MV_hard,agnews,acc,0.79075
2stage_MLP_MV_hard,agnews,f1_macro,0.7886969901320339
2stage_MLP_MV_hard,agnews,mcc,0.7214688529413641
2stage_MLP_MV_hard,agnews,ece,0.09503102648754913
2stage_MLP_MV_hard,agnews,acc,0.78225
2stage_MLP_MV_hard,agnews,f1_macro,0.7810772889263699
2stage_MLP_MV_hard,agnews,mcc,0.7104303891245191
2stage_MLP_MV_hard,agnews,ece,0.11141073748966059
2stage_MLP_MV_hard,agnews,acc,0.7863333333333333
2stage_MLP_MV_hard,agnews,f1_macro,0.7853078665684992
2stage_MLP_MV_hard,agnews,mcc,0.7165358953743016
2stage_MLP_MV_hard,agnews,ece,0.09254606421788533
2stage_MLP_MV_soft,agnews,acc,0.7910833333333334
2stage_MLP_MV_soft,agnews,f1_macro,0.7896135327830366
2stage_MLP_MV_soft,agnews,mcc,0.7219819308199386
2stage_MLP_MV_soft,agnews,ece,0.10432125559697553
2stage_MLP_MV_soft,agnews,acc,0.7961666666666667
2stage_MLP_MV_soft,agnews,f1_macro,0.7955828298784846
2stage_MLP_MV_soft,agnews,mcc,0.729049085489894
2stage_MLP_MV_soft,agnews,ece,0.10432695356756445
2stage_MLP_MV_soft,agnews,acc,0.7925833333333333
2stage_MLP_MV_soft,agnews,f1_macro,0.7908829377765859
2stage_MLP_MV_soft,agnews,mcc,0.7241713353932453
2stage_MLP_MV_soft,agnews,ece,0.09675319271534685
2stage_MLP_MV_soft,agnews,acc,0.7913333333333333
2stage_MLP_MV_soft,agnews,f1_macro,0.7898850134631614
2stage_MLP_MV_soft,agnews,mcc,0.7222243720367008
2stage_MLP_MV_soft,agnews,ece,0.09664894651869935
2stage_MLP_MV_soft,agnews,acc,0.7898333333333334
2stage_MLP_MV_soft,agnews,f1_macro,0.7871872082773679
2stage_MLP_MV_soft,agnews,mcc,0.7202400745864593
2stage_MLP_MV_soft,agnews,ece,0.09490046693136293
MLP_weasel_no_balance,agnews,acc,0.8109166666666666
MLP_weasel_no_balance,agnews,f1_macro,0.8103919937146968
MLP_weasel_no_balance,agnews,mcc,0.7480792106840971
MLP_weasel_no_balance,agnews,ece,0.5522495078469316
MLP_weasel_no_balance,agnews,acc,0.8074166666666667
MLP_weasel_no_balance,agnews,f1_macro,0.8048122620100995
MLP_weasel_no_balance,agnews,mcc,0.7437978127903264
MLP_weasel_no_balance,agnews,ece,0.5468080181976159
MLP_weasel_no_balance,agnews,acc,0.8078333333333333
MLP_weasel_no_balance,agnews,f1_macro,0.8078829166988797
MLP_weasel_no_balance,agnews,mcc,0.7438158047345197
MLP_weasel_no_balance,agnews,ece,0.5483659115160505
MLP_weasel_no_balance,agnews,acc,0.8093333333333333
MLP_weasel_no_balance,agnews,f1_macro,0.8092637178732701
MLP_weasel_no_balance,agnews,mcc,0.7461248589927426
MLP_weasel_no_balance,agnews,ece,0.5499674577340483
MLP_weasel_no_balance,agnews,acc,0.8020833333333334
MLP_weasel_no_balance,agnews,f1_macro,0.8016972830596824
MLP_weasel_no_balance,agnews,mcc,0.7362739699521759
MLP_weasel_no_balance,agnews,ece,0.5363276320397854
Ground_truth_MLP,chemprot,acc,0.730553827006845
Ground_truth_MLP,chemprot,f1_macro,0.5394023817834348
Ground_truth_MLP,chemprot,mcc,0.6535142206988536
Ground_truth_MLP,chemprot,ece,0.05041360424851212
Ground_truth_MLP,chemprot,acc,0.7243310516490354
Ground_truth_MLP,chemprot,f1_macro,0.5499970006488427
Ground_truth_MLP,chemprot,mcc,0.6459614646900519
Ground_truth_MLP,chemprot,ece,0.04656615719783357
Ground_truth_MLP,chemprot,acc,0.7181082762912259
Ground_truth_MLP,chemprot,f1_macro,0.5685390827472908
Ground_truth_MLP,chemprot,mcc,0.6358903095544709
Ground_truth_MLP,chemprot,ece,0.03149868660115573
Ground_truth_MLP,chemprot,acc,0.7205973864343497
Ground_truth_MLP,chemprot,f1_macro,0.5611917001159297
Ground_truth_MLP,chemprot,mcc,0.6416481871386686
Ground_truth_MLP,chemprot,ece,0.03644806549055057
Ground_truth_MLP,chemprot,acc,0.7261978842563783
Ground_truth_MLP,chemprot,f1_macro,0.5645349715024769
Ground_truth_MLP,chemprot,mcc,0.6522053471506393
Ground_truth_MLP,chemprot,ece,0.0356330516624688
supervised_validation_MLP,chemprot,acc,0.5973864343497199
supervised_validation_MLP,chemprot,f1_macro,0.4079582355687089
supervised_validation_MLP,chemprot,mcc,0.48195748661838467
supervised_validation_MLP,chemprot,ece,0.026844615994140696
supervised_validation_MLP,chemprot,acc,0.6247666459240822
supervised_validation_MLP,chemprot,f1_macro,0.421344234797233
supervised_validation_MLP,chemprot,mcc,0.5111324269554813
supervised_validation_MLP,chemprot,ece,0.03206300004788194
supervised_validation_MLP,chemprot,acc,0.5998755444928439
supervised_validation_MLP,chemprot,f1_macro,0.4052192090151526
supervised_validation_MLP,chemprot,mcc,0.48642656716732174
supervised_validation_MLP,chemprot,ece,0.009767596793604977
supervised_validation_MLP,chemprot,acc,0.6079651524579963
supervised_validation_MLP,chemprot,f1_macro,0.42674360975024134
supervised_validation_MLP,chemprot,mcc,0.49106851806006135
supervised_validation_MLP,chemprot,ece,0.030331207567961514
supervised_validation_MLP,chemprot,acc,0.581207218419415
supervised_validation_MLP,chemprot,f1_macro,0.3951339850798653
supervised_validation_MLP,chemprot,mcc,0.4622502800231643
supervised_validation_MLP,chemprot,ece,0.02369827017252982
2stage_MLP_snorkel,chemprot,acc,0.48164281269446174
2stage_MLP_snorkel,chemprot,f1_macro,0.2278978016564453
2stage_MLP_snorkel,chemprot,mcc,0.3229234727747311
2stage_MLP_snorkel,chemprot,ece,0.059992126633680296
2stage_MLP_snorkel,chemprot,acc,0.5289359054138145
2stage_MLP_snorkel,chemprot,f1_macro,0.31004096906664336
2stage_MLP_snorkel,chemprot,mcc,0.40158016594845897
2stage_MLP_snorkel,chemprot,ece,0.05644572094574282
2stage_MLP_snorkel,chemprot,acc,0.5121344119477287
2stage_MLP_snorkel,chemprot,f1_macro,0.3060325938028102
2stage_MLP_snorkel,chemprot,mcc,0.3703912442376924
2stage_MLP_snorkel,chemprot,ece,0.0565776364100076
2stage_MLP_snorkel,chemprot,acc,0.5295581829495956
2stage_MLP_snorkel,chemprot,f1_macro,0.28952641937620754
2stage_MLP_snorkel,chemprot,mcc,0.3940295392061419
2stage_MLP_snorkel,chemprot,ece,0.053800362789935025
2stage_MLP_snorkel,chemprot,acc,0.36029869321717484
2stage_MLP_snorkel,chemprot,f1_macro,0.07996137401341863
2stage_MLP_snorkel,chemprot,mcc,0.16915265319779257
2stage_MLP_snorkel,chemprot,ece,0.1262802172686346
2stage_MLP_flyingsquid_triplet_mean,chemprot,acc,0.4642190416925949
2stage_MLP_flyingsquid_triplet_mean,chemprot,f1_macro,0.1748985583365666
2stage_MLP_flyingsquid_triplet_mean,chemprot,mcc,0.284875210199272
2stage_MLP_flyingsquid_triplet_mean,chemprot,ece,0.344405697771089
2stage_MLP_flyingsquid_triplet_mean,chemprot,acc,0.44741754822650903
2stage_MLP_flyingsquid_triplet_mean,chemprot,f1_macro,0.16013152070173106
2stage_MLP_flyingsquid_triplet_mean,chemprot,mcc,0.2660390485918647
2stage_MLP_flyingsquid_triplet_mean,chemprot,ece,0.3271896609040841
2stage_MLP_flyingsquid_triplet_mean,chemprot,acc,0.4579962663347853
2stage_MLP_flyingsquid_triplet_mean,chemprot,f1_macro,0.15518180653121008
2stage_MLP_flyingsquid_triplet_mean,chemprot,mcc,0.26868341573272975
2stage_MLP_flyingsquid_triplet_mean,chemprot,ece,0.33798621074709745
2stage_MLP_flyingsquid_triplet_mean,chemprot,acc,0.4698195395146235
2stage_MLP_flyingsquid_triplet_mean,chemprot,f1_macro,0.16675212160037378
2stage_MLP_flyingsquid_triplet_mean,chemprot,mcc,0.2901711929048747
2stage_MLP_flyingsquid_triplet_mean,chemprot,ece,0.34833356122386033
2stage_MLP_flyingsquid_triplet_mean,chemprot,acc,0.46670815183571873
2stage_MLP_flyingsquid_triplet_mean,chemprot,f1_macro,0.17150666392408578
2stage_MLP_flyingsquid_triplet_mean,chemprot,mcc,0.28467408298664715
2stage_MLP_flyingsquid_triplet_mean,chemprot,ece,0.3443401611288957
2stage_MLP_MV_hard,chemprot,acc,0.5152457996266335
2stage_MLP_MV_hard,chemprot,f1_macro,0.37401973438849806
2stage_MLP_MV_hard,chemprot,mcc,0.3949518825114348
2stage_MLP_MV_hard,chemprot,ece,0.04500126716284998
2stage_MLP_MV_hard,chemprot,acc,0.537025513378967
2stage_MLP_MV_hard,chemprot,f1_macro,0.3825530874297424
2stage_MLP_MV_hard,chemprot,mcc,0.42177147311413515
2stage_MLP_MV_hard,chemprot,ece,0.01617913813270539
2stage_MLP_MV_hard,chemprot,acc,0.5476042314872434
2stage_MLP_MV_hard,chemprot,f1_macro,0.40076242504933307
2stage_MLP_MV_hard,chemprot,mcc,0.44059519842736733
2stage_MLP_MV_hard,chemprot,ece,0.032238689931045804
2stage_MLP_MV_hard,chemprot,acc,0.5208462974486621
2stage_MLP_MV_hard,chemprot,f1_macro,0.3643571354302866
2stage_MLP_MV_hard,chemprot,mcc,0.40223035589514217
2stage_MLP_MV_hard,chemprot,ece,0.014222273006154348
2stage_MLP_MV_hard,chemprot,acc,0.536403235843186
2stage_MLP_MV_hard,chemprot,f1_macro,0.35791396818536747
2stage_MLP_MV_hard,chemprot,mcc,0.41979103590402544
2stage_MLP_MV_hard,chemprot,ece,0.04468710031580612
2stage_MLP_MV_soft,chemprot,acc,0.5749844430616055
2stage_MLP_MV_soft,chemprot,f1_macro,0.43503769437836015
2stage_MLP_MV_soft,chemprot,mcc,0.4715381582581445
2stage_MLP_MV_soft,chemprot,ece,0.037800006025981374
2stage_MLP_MV_soft,chemprot,acc,0.5675171126322339
2stage_MLP_MV_soft,chemprot,f1_macro,0.41073320922816564
2stage_MLP_MV_soft,chemprot,mcc,0.45993640946783504
2stage_MLP_MV_soft,chemprot,ece,0.019335595120089925
2stage_MLP_MV_soft,chemprot,acc,0.5637834474175483
2stage_MLP_MV_soft,chemprot,f1_macro,0.3906660779770309
2stage_MLP_MV_soft,chemprot,mcc,0.45503874794490146
2stage_MLP_MV_soft,chemprot,ece,0.03872034851259968
2stage_MLP_MV_soft,chemprot,acc,0.537647790914748
2stage_MLP_MV_soft,chemprot,f1_macro,0.37483988130589496
2stage_MLP_MV_soft,chemprot,mcc,0.42148516796582003
2stage_MLP_MV_soft,chemprot,ece,0.015033793879653192
2stage_MLP_MV_soft,chemprot,acc,0.552582451773491
2stage_MLP_MV_soft,chemprot,f1_macro,0.38801793225369113
2stage_MLP_MV_soft,chemprot,mcc,0.4381988871689014
2stage_MLP_MV_soft,chemprot,ece,0.02263012394893221
MLP_weasel_no_balance,chemprot,acc,0.5476042314872434
MLP_weasel_no_balance,chemprot,f1_macro,0.37746230854988594
MLP_weasel_no_balance,chemprot,mcc,0.4338431264551876
MLP_weasel_no_balance,chemprot,ece,0.37107361572161185
MLP_weasel_no_balance,chemprot,acc,0.566894835096453
MLP_weasel_no_balance,chemprot,f1_macro,0.4698231041341062
MLP_weasel_no_balance,chemprot,mcc,0.458078442479417
MLP_weasel_no_balance,chemprot,ece,0.42522453185224207
MLP_weasel_no_balance,chemprot,acc,0.5612943372744243
MLP_weasel_no_balance,chemprot,f1_macro,0.43376143839397574
MLP_weasel_no_balance,chemprot,mcc,0.4588393795759289
MLP_weasel_no_balance,chemprot,ece,0.4144817878351348
MLP_weasel_no_balance,chemprot,acc,0.5532047293092719
MLP_weasel_no_balance,chemprot,f1_macro,0.39757995892454945
MLP_weasel_no_balance,chemprot,mcc,0.4447936136771227
MLP_weasel_no_balance,chemprot,ece,0.3997329045284143
MLP_weasel_no_balance,chemprot,acc,0.5401369010578718
MLP_weasel_no_balance,chemprot,f1_macro,0.45284145872810805
MLP_weasel_no_balance,chemprot,mcc,0.4393884136742359
MLP_weasel_no_balance,chemprot,ece,0.40710161930482136
Ground_truth_MLP,semeval,acc,0.92
Ground_truth_MLP,semeval,f1_macro,0.8561988654114079
Ground_truth_MLP,semeval,mcc,0.9021438849527107
Ground_truth_MLP,semeval,ece,0.04376207123200102
Ground_truth_MLP,semeval,acc,0.9266666666666666
Ground_truth_MLP,semeval,f1_macro,0.8646781418581141
Ground_truth_MLP,semeval,mcc,0.9106723142567699
Ground_truth_MLP,semeval,ece,0.03324106921752294
Ground_truth_MLP,semeval,acc,0.9483333333333334
Ground_truth_MLP,semeval,f1_macro,0.8898320891485285
Ground_truth_MLP,semeval,mcc,0.9368266002040737
Ground_truth_MLP,semeval,ece,0.08552992726365725
Ground_truth_MLP,semeval,acc,0.9333333333333333
Ground_truth_MLP,semeval,f1_macro,0.8477199389187688
Ground_truth_MLP,semeval,mcc,0.9188226877557429
Ground_truth_MLP,semeval,ece,0.04238947664697965
Ground_truth_MLP,semeval,acc,0.905
Ground_truth_MLP,semeval,f1_macro,0.8063715036221436
Ground_truth_MLP,semeval,mcc,0.8821137663628182
Ground_truth_MLP,semeval,ece,0.08682022323211035
supervised_validation_MLP,semeval,acc,0.7983333333333333
supervised_validation_MLP,semeval,f1_macro,0.5324488923332197
supervised_validation_MLP,semeval,mcc,0.7522487394732721
supervised_validation_MLP,semeval,ece,0.08453630954027173
supervised_validation_MLP,semeval,acc,0.815
supervised_validation_MLP,semeval,f1_macro,0.5086259863743476
supervised_validation_MLP,semeval,mcc,0.7692469229569546
supervised_validation_MLP,semeval,ece,0.10539234280586243
supervised_validation_MLP,semeval,acc,0.7966666666666666
supervised_validation_MLP,semeval,f1_macro,0.5368078008157731
supervised_validation_MLP,semeval,mcc,0.7473405938872637
supervised_validation_MLP,semeval,ece,0.08368663996458056
supervised_validation_MLP,semeval,acc,0.8283333333333334
supervised_validation_MLP,semeval,f1_macro,0.5852232231293256
supervised_validation_MLP,semeval,mcc,0.7862606729405953
supervised_validation_MLP,semeval,ece,0.12737259089946745
supervised_validation_MLP,semeval,acc,0.7716666666666666
supervised_validation_MLP,semeval,f1_macro,0.5066278572254087
supervised_validation_MLP,semeval,mcc,0.7210978785470209
supervised_validation_MLP,semeval,ece,0.07762430806954701
2stage_MLP_snorkel,semeval,acc,0.6516666666666666
2stage_MLP_snorkel,semeval,f1_macro,0.5001402250739386
2stage_MLP_snorkel,semeval,mcc,0.6094304076304371
2stage_MLP_snorkel,semeval,ece,0.08736179356773693
2stage_MLP_snorkel,semeval,acc,0.6683333333333333
2stage_MLP_snorkel,semeval,f1_macro,0.5362084893462375
2stage_MLP_snorkel,semeval,mcc,0.6319144951122405
2stage_MLP_snorkel,semeval,ece,0.09915458858013153
2stage_MLP_snorkel,semeval,acc,0.67
2stage_MLP_snorkel,semeval,f1_macro,0.5141321537307456
2stage_MLP_snorkel,semeval,mcc,0.6209948920141508
2stage_MLP_snorkel,semeval,ece,0.05559801022211713
2stage_MLP_snorkel,semeval,acc,0.69
2stage_MLP_snorkel,semeval,f1_macro,0.5942395238975238
2stage_MLP_snorkel,semeval,mcc,0.6506839098986054
2stage_MLP_snorkel,semeval,ece,0.09088573147853213
2stage_MLP_snorkel,semeval,acc,0.31
2stage_MLP_snorkel,semeval,f1_macro,0.05258693808312129
2stage_MLP_snorkel,semeval,mcc,0.0
2stage_MLP_snorkel,semeval,ece,0.09134450015922388
2stage_MLP_flyingsquid_triplet_mean,semeval,acc,0.30333333333333334
2stage_MLP_flyingsquid_triplet_mean,semeval,f1_macro,0.06447477447899568
2stage_MLP_flyingsquid_triplet_mean,semeval,mcc,0.05855962510921534
2stage_MLP_flyingsquid_triplet_mean,semeval,ece,0.17864670125146706
2stage_MLP_flyingsquid_triplet_mean,semeval,acc,0.32666666666666666
2stage_MLP_flyingsquid_triplet_mean,semeval,f1_macro,0.1150855062510932
2stage_MLP_flyingsquid_triplet_mean,semeval,mcc,0.11635501861619926
2stage_MLP_flyingsquid_triplet_mean,semeval,ece,0.20250856505086023
2stage_MLP_flyingsquid_triplet_mean,semeval,acc,0.3016666666666667
2stage_MLP_flyingsquid_triplet_mean,semeval,f1_macro,0.05150092474036136
2stage_MLP_flyingsquid_triplet_mean,semeval,mcc,0.0
2stage_MLP_flyingsquid_triplet_mean,semeval,ece,0.168020405570666
2stage_MLP_flyingsquid_triplet_mean,semeval,acc,0.31833333333333336
2stage_MLP_flyingsquid_triplet_mean,semeval,f1_macro,0.05379524010702717
2stage_MLP_flyingsquid_triplet_mean,semeval,mcc,-0.01103244328055745
2stage_MLP_flyingsquid_triplet_mean,semeval,ece,0.18562759136160215
2stage_MLP_flyingsquid_triplet_mean,semeval,acc,0.27666666666666667
2stage_MLP_flyingsquid_triplet_mean,semeval,f1_macro,0.050404438604175796
2stage_MLP_flyingsquid_triplet_mean,semeval,mcc,0.0089026597160225
2stage_MLP_flyingsquid_triplet_mean,semeval,ece,0.14505439107616744
2stage_MLP_MV_hard,semeval,acc,0.7483333333333333
2stage_MLP_MV_hard,semeval,f1_macro,0.6342388834956613
2stage_MLP_MV_hard,semeval,mcc,0.711391586255257
2stage_MLP_MV_hard,semeval,ece,0.09261634434262911
2stage_MLP_MV_hard,semeval,acc,0.75
2stage_MLP_MV_hard,semeval,f1_macro,0.622818727542822
2stage_MLP_MV_hard,semeval,mcc,0.7078455609356975
2stage_MLP_MV_hard,semeval,ece,0.09551258385181431
2stage_MLP_MV_hard,semeval,acc,0.73
2stage_MLP_MV_hard,semeval,f1_macro,0.6217779994957267
2stage_MLP_MV_hard,semeval,mcc,0.6927222816423406
2stage_MLP_MV_hard,semeval,ece,0.07391897593935333
2stage_MLP_MV_hard,semeval,acc,0.7566666666666667
2stage_MLP_MV_hard,semeval,f1_macro,0.624825109518182
2stage_MLP_MV_hard,semeval,mcc,0.7098946618757402
2stage_MLP_MV_hard,semeval,ece,0.08907405689358709
2stage_MLP_MV_hard,semeval,acc,0.7733333333333333
2stage_MLP_MV_hard,semeval,f1_macro,0.6442828847145683
2stage_MLP_MV_hard,semeval,mcc,0.7297469239122115
2stage_MLP_MV_hard,semeval,ece,0.05673819929361341
2stage_MLP_MV_soft,semeval,acc,0.755
2stage_MLP_MV_soft,semeval,f1_macro,0.5743095006690968
2stage_MLP_MV_soft,semeval,mcc,0.7140340111723522
2stage_MLP_MV_soft,semeval,ece,0.04811729182799655
2stage_MLP_MV_soft,semeval,acc,0.7616666666666667
2stage_MLP_MV_soft,semeval,f1_macro,0.6377005775182144
2stage_MLP_MV_soft,semeval,mcc,0.7215069343328356
2stage_MLP_MV_soft,semeval,ece,0.04052490214506781
2stage_MLP_MV_soft,semeval,acc,0.7583333333333333
2stage_MLP_MV_soft,semeval,f1_macro,0.6225442754239535
2stage_MLP_MV_soft,semeval,mcc,0.7160304028993628
2stage_MLP_MV_soft,semeval,ece,0.057288908561070745
2stage_MLP_MV_soft,semeval,acc,0.73
2stage_MLP_MV_soft,semeval,f1_macro,0.5986917769869333
2stage_MLP_MV_soft,semeval,mcc,0.6952038515549728
2stage_MLP_MV_soft,semeval,ece,0.06430121620496113
2stage_MLP_MV_soft,semeval,acc,0.7816666666666666
2stage_MLP_MV_soft,semeval,f1_macro,0.6435599259433176
2stage_MLP_MV_soft,semeval,mcc,0.7459550423930641
2stage_MLP_MV_soft,semeval,ece,0.06680517022808392
MLP_weasel_no_balance,semeval,acc,0.805
MLP_weasel_no_balance,semeval,f1_macro,0.726246695176311
MLP_weasel_no_balance,semeval,mcc,0.7682687564043873
MLP_weasel_no_balance,semeval,ece,0.08638810237248737
MLP_weasel_no_balance,semeval,acc,0.845
MLP_weasel_no_balance,semeval,f1_macro,0.7903391412239652
MLP_weasel_no_balance,semeval,mcc,0.811685137998003
MLP_weasel_no_balance,semeval,ece,0.6309444866081079
MLP_weasel_no_balance,semeval,acc,0.8283333333333334
MLP_weasel_no_balance,semeval,f1_macro,0.7561653337106722
MLP_weasel_no_balance,semeval,mcc,0.7937826464369595
MLP_weasel_no_balance,semeval,ece,0.34565820465485253
MLP_weasel_no_balance,semeval,acc,0.865
MLP_weasel_no_balance,semeval,f1_macro,0.771059535483369
MLP_weasel_no_balance,semeval,mcc,0.8336549184611145
MLP_weasel_no_balance,semeval,ece,0.4262304878979921
MLP_weasel_no_balance,semeval,acc,0.8466666666666667
MLP_weasel_no_balance,semeval,f1_macro,0.8073144032087852
MLP_weasel_no_balance,semeval,mcc,0.8123052608365469
MLP_weasel_no_balance,semeval,ece,0.647358764881889
Ground_truth_MLP,trec,acc,0.658
Ground_truth_MLP,trec,f1_macro,0.5499175611666086
Ground_truth_MLP,trec,mcc,0.5727564967588414
Ground_truth_MLP,trec,ece,0.13990967863798143
Ground_truth_MLP,trec,acc,0.628
Ground_truth_MLP,trec,f1_macro,0.5257803501906075
Ground_truth_MLP,trec,mcc,0.5354253491879692
Ground_truth_MLP,trec,ece,0.1527413086295128
Ground_truth_MLP,trec,acc,0.666
Ground_truth_MLP,trec,f1_macro,0.5583312496863899
Ground_truth_MLP,trec,mcc,0.5841926800978292
Ground_truth_MLP,trec,ece,0.14218080848455428
Ground_truth_MLP,trec,acc,0.684
Ground_truth_MLP,trec,f1_macro,0.5772421543808829
Ground_truth_MLP,trec,mcc,0.6053773433197576
Ground_truth_MLP,trec,ece,0.16843681991100312
Ground_truth_MLP,trec,acc,0.71
Ground_truth_MLP,trec,f1_macro,0.5960171171073427
Ground_truth_MLP,trec,mcc,0.636721363035297
Ground_truth_MLP,trec,ece,0.17578859597444535
supervised_validation_MLP,trec,acc,0.48
supervised_validation_MLP,trec,f1_macro,0.39142162313446544
supervised_validation_MLP,trec,mcc,0.35994252861142184
supervised_validation_MLP,trec,ece,0.15155514281988147
supervised_validation_MLP,trec,acc,0.52
supervised_validation_MLP,trec,f1_macro,0.41555675790879737
supervised_validation_MLP,trec,mcc,0.40169134040047216
supervised_validation_MLP,trec,ece,0.19184142208099364
supervised_validation_MLP,trec,acc,0.506
supervised_validation_MLP,trec,f1_macro,0.40440193576733235
supervised_validation_MLP,trec,mcc,0.37283925854048094
supervised_validation_MLP,trec,ece,0.20171670138835907
supervised_validation_MLP,trec,acc,0.504
supervised_validation_MLP,trec,f1_macro,0.4006593945817664
supervised_validation_MLP,trec,mcc,0.3845854227301027
supervised_validation_MLP,trec,ece,0.18626375740766526
supervised_validation_MLP,trec,acc,0.496
supervised_validation_MLP,trec,f1_macro,0.3695392539085436
supervised_validation_MLP,trec,mcc,0.37350053811447836
supervised_validation_MLP,trec,ece,0.16919161206483838
2stage_MLP_snorkel,trec,acc,0.214
2stage_MLP_snorkel,trec,f1_macro,0.05875892366831412
2stage_MLP_snorkel,trec,mcc,0.0
2stage_MLP_snorkel,trec,ece,0.15010713386535646
2stage_MLP_snorkel,trec,acc,0.202
2stage_MLP_snorkel,trec,f1_macro,0.0560177481974487
2stage_MLP_snorkel,trec,mcc,0.0
2stage_MLP_snorkel,trec,ece,0.09133539032936096
2stage_MLP_snorkel,trec,acc,0.214
2stage_MLP_snorkel,trec,f1_macro,0.05875892366831412
2stage_MLP_snorkel,trec,mcc,0.0
2stage_MLP_snorkel,trec,ece,0.07605130958557128
2stage_MLP_snorkel,trec,acc,0.224
2stage_MLP_snorkel,trec,f1_macro,0.06100217864923748
2stage_MLP_snorkel,trec,mcc,0.0
2stage_MLP_snorkel,trec,ece,0.02249670970439911
2stage_MLP_snorkel,trec,acc,0.46
2stage_MLP_snorkel,trec,f1_macro,0.3399862426360121
2stage_MLP_snorkel,trec,mcc,0.3513921617406576
2stage_MLP_snorkel,trec,ece,0.16370063722133638
2stage_MLP_flyingsquid_triplet_mean,trec,acc,0.242
2stage_MLP_flyingsquid_triplet_mean,trec,f1_macro,0.13593674000488798
2stage_MLP_flyingsquid_triplet_mean,trec,mcc,0.04303485097768859
2stage_MLP_flyingsquid_triplet_mean,trec,ece,0.07092549550533295
2stage_MLP_flyingsquid_triplet_mean,trec,acc,0.28
2stage_MLP_flyingsquid_triplet_mean,trec,f1_macro,0.17861804183887844
2stage_MLP_flyingsquid_triplet_mean,trec,mcc,0.10546781416077139
2stage_MLP_flyingsquid_triplet_mean,trec,ece,0.1168445370197296
2stage_MLP_flyingsquid_triplet_mean,trec,acc,0.274
2stage_MLP_flyingsquid_triplet_mean,trec,f1_macro,0.158667206526967
2stage_MLP_flyingsquid_triplet_mean,trec,mcc,0.12143863226920079
2stage_MLP_flyingsquid_triplet_mean,trec,ece,0.10885912999510765
2stage_MLP_flyingsquid_triplet_mean,trec,acc,0.276
2stage_MLP_flyingsquid_triplet_mean,trec,f1_macro,0.1816552289596227
2stage_MLP_flyingsquid_triplet_mean,trec,mcc,0.1428624286566807
2stage_MLP_flyingsquid_triplet_mean,trec,ece,0.10972007882595064
2stage_MLP_flyingsquid_triplet_mean,trec,acc,0.22
2stage_MLP_flyingsquid_triplet_mean,trec,f1_macro,0.13346201042867442
2stage_MLP_flyingsquid_triplet_mean,trec,mcc,0.025411500149103202
2stage_MLP_flyingsquid_triplet_mean,trec,ece,0.0484313482940197
2stage_MLP_MV_hard,trec,acc,0.248
2stage_MLP_MV_hard,trec,f1_macro,0.06623931623931624
2stage_MLP_MV_hard,trec,mcc,0.0
2stage_MLP_MV_hard,trec,ece,0.03277690064907073
2stage_MLP_MV_hard,trec,acc,0.238
2stage_MLP_MV_hard,trec,f1_macro,0.06408185245018848
2stage_MLP_MV_hard,trec,mcc,0.0
2stage_MLP_MV_hard,trec,ece,0.04095493054389952
2stage_MLP_MV_hard,trec,acc,0.234
2stage_MLP_MV_hard,trec,f1_macro,0.06320907617504053
2stage_MLP_MV_hard,trec,mcc,0.0
2stage_MLP_MV_hard,trec,ece,0.05432703241705895
2stage_MLP_MV_hard,trec,acc,0.202
2stage_MLP_MV_hard,trec,f1_macro,0.0560177481974487
2stage_MLP_MV_hard,trec,mcc,0.0
2stage_MLP_MV_hard,trec,ece,0.09291580772399902
2stage_MLP_MV_hard,trec,acc,0.244
2stage_MLP_MV_hard,trec,f1_macro,0.06538049303322614
2stage_MLP_MV_hard,trec,mcc,0.0
2stage_MLP_MV_hard,trec,ece,0.021148209929466255
2stage_MLP_MV_soft,trec,acc,0.236
2stage_MLP_MV_soft,trec,f1_macro,0.06364617044228695
2stage_MLP_MV_soft,trec,mcc,0.0
2stage_MLP_MV_soft,trec,ece,0.0461286619901657
2stage_MLP_MV_soft,trec,acc,0.206
2stage_MLP_MV_soft,trec,f1_macro,0.056937534549474846
2stage_MLP_MV_soft,trec,mcc,-0.03458553046103833
2stage_MLP_MV_soft,trec,ece,0.07411190330982208
2stage_MLP_MV_soft,trec,acc,0.272
2stage_MLP_MV_soft,trec,f1_macro,0.07127882599580714
2stage_MLP_MV_soft,trec,mcc,0.0
2stage_MLP_MV_soft,trec,ece,0.04298318728804589
2stage_MLP_MV_soft,trec,acc,0.232
2stage_MLP_MV_soft,trec,f1_macro,0.06277056277056277
2stage_MLP_MV_soft,trec,mcc,0.0
2stage_MLP_MV_soft,trec,ece,0.07003516608476638
2stage_MLP_MV_soft,trec,acc,0.21
2stage_MLP_MV_soft,trec,f1_macro,0.05785123966942149
2stage_MLP_MV_soft,trec,mcc,0.0
2stage_MLP_MV_soft,trec,ece,0.05628164958953858
MLP_weasel_no_balance,trec,acc,0.236
MLP_weasel_no_balance,trec,f1_macro,0.06364617044228695
MLP_weasel_no_balance,trec,mcc,0.0
MLP_weasel_no_balance,trec,ece,0.045422796547412866
MLP_weasel_no_balance,trec,acc,0.216
MLP_weasel_no_balance,trec,f1_macro,0.05921052631578947
MLP_weasel_no_balance,trec,mcc,0.0
MLP_weasel_no_balance,trec,ece,0.06833830791711808
MLP_weasel_no_balance,trec,acc,0.234
MLP_weasel_no_balance,trec,f1_macro,0.06320907617504053
MLP_weasel_no_balance,trec,mcc,0.0
MLP_weasel_no_balance,trec,ece,0.03735051894187929
MLP_weasel_no_balance,trec,acc,0.206
MLP_weasel_no_balance,trec,f1_macro,0.056937534549474846
MLP_weasel_no_balance,trec,mcc,0.0
MLP_weasel_no_balance,trec,ece,0.08877261841297149
MLP_weasel_no_balance,trec,acc,0.23
MLP_weasel_no_balance,trec,f1_macro,0.06233062330623307
MLP_weasel_no_balance,trec,mcc,0.0
MLP_weasel_no_balance,trec,ece,0.05120967718958855
Optimal_vote_MLP,sms,auc,0.9895076674737692
Optimal_vote_MLP,sms,acc,0.974
Optimal_vote_MLP,sms,f1_binary,0.8849557522123893
Optimal_vote_MLP,sms,f1_max,0.9009009009009009
Optimal_vote_MLP,sms,mcc,0.8714163396168942
Optimal_vote_MLP,sms,ece,0.044297306060791006
Optimal_vote_MLP,sms,auc,0.9869780756877532
Optimal_vote_MLP,sms,acc,0.974
Optimal_vote_MLP,sms,f1_binary,0.896
Optimal_vote_MLP,sms,f1_max,0.921875
Optimal_vote_MLP,sms,mcc,0.8830047079802672
Optimal_vote_MLP,sms,ece,0.0299435954093933
Optimal_vote_MLP,sms,auc,0.9779216726478389
Optimal_vote_MLP,sms,acc,0.978
Optimal_vote_MLP,sms,f1_binary,0.897196261682243
Optimal_vote_MLP,sms,f1_max,0.9310344827586207
Optimal_vote_MLP,sms,mcc,0.8889210086553209
Optimal_vote_MLP,sms,ece,0.023441586017608693
Optimal_vote_MLP,sms,auc,0.990556862745098
Optimal_vote_MLP,sms,acc,0.982
Optimal_vote_MLP,sms,f1_binary,0.9403973509933775
Optimal_vote_MLP,sms,f1_max,0.9403973509933775
Optimal_vote_MLP,sms,mcc,0.9298254798720335
Optimal_vote_MLP,sms,ece,0.04470069849491117
Optimal_vote_MLP,sms,auc,0.9967803030303031
Optimal_vote_MLP,sms,acc,0.986
Optimal_vote_MLP,sms,f1_binary,0.9411764705882353
Optimal_vote_MLP,sms,f1_max,0.9411764705882353
Optimal_vote_MLP,sms,mcc,0.9332740466020572
Optimal_vote_MLP,sms,ece,0.03698986506462097
Optimal_vote_MLP,youtube,auc,0.9489887352790579
Optimal_vote_MLP,youtube,acc,0.868
Optimal_vote_MLP,youtube,f1_binary,0.8653061224489798
Optimal_vote_MLP,youtube,f1_max,0.8818897637795274
Optimal_vote_MLP,youtube,mcc,0.7361445474838464
Optimal_vote_MLP,youtube,ece,0.03352101731300355
Optimal_vote_MLP,youtube,auc,0.9637820512820513
Optimal_vote_MLP,youtube,acc,0.884
Optimal_vote_MLP,youtube,f1_binary,0.8937728937728937
Optimal_vote_MLP,youtube,f1_max,0.9195402298850576
Optimal_vote_MLP,youtube,mcc,0.7708849281939736
Optimal_vote_MLP,youtube,ece,0.029264528751373257
Optimal_vote_MLP,youtube,auc,0.950499487704918
Optimal_vote_MLP,youtube,acc,0.856
Optimal_vote_MLP,youtube,f1_binary,0.8604651162790697
Optimal_vote_MLP,youtube,f1_max,0.8870292887029289
Optimal_vote_MLP,youtube,mcc,0.7170997598485359
Optimal_vote_MLP,youtube,ece,0.028537445783615098
Optimal_vote_MLP,youtube,auc,0.9333333333333333
Optimal_vote_MLP,youtube,acc,0.832
Optimal_vote_MLP,youtube,f1_binary,0.8531468531468532
Optimal_vote_MLP,youtube,f1_max,0.8692307692307694
Optimal_vote_MLP,youtube,mcc,0.6639632036216122
Optimal_vote_MLP,youtube,ece,0.055809840202331554
Optimal_vote_MLP,youtube,auc,0.9664727795568917
Optimal_vote_MLP,youtube,acc,0.908
Optimal_vote_MLP,youtube,f1_binary,0.8949771689497716
Optimal_vote_MLP,youtube,f1_max,0.9065420560747663
Optimal_vote_MLP,youtube,mcc,0.8138738456223528
Optimal_vote_MLP,youtube,ece,0.031467467308044415
Optimal_vote_MLP,census,auc,0.8906251284142815
Optimal_vote_MLP,census,acc,0.8331797801117867
Optimal_vote_MLP,census,f1_binary,0.5485372340425532
Optimal_vote_MLP,census,f1_max,0.6623778889683106
Optimal_vote_MLP,census,mcc,0.4799517638303738
Optimal_vote_MLP,census,ece,0.02327910583132457
Optimal_vote_MLP,census,auc,0.8856882341273059
Optimal_vote_MLP,census,acc,0.8324427246483631
Optimal_vote_MLP,census,f1_binary,0.5390334572490706
Optimal_vote_MLP,census,f1_max,0.6576760987357013
Optimal_vote_MLP,census,mcc,0.4784528946038896
Optimal_vote_MLP,census,ece,0.03229649872270526
Optimal_vote_MLP,census,auc,0.8868013338117717
Optimal_vote_MLP,census,acc,0.8362508445427185
Optimal_vote_MLP,census,f1_binary,0.5638089005235603
Optimal_vote_MLP,census,f1_max,0.661590909090909
Optimal_vote_MLP,census,mcc,0.49343672889536666
Optimal_vote_MLP,census,ece,0.026069268127542365
Optimal_vote_MLP,census,auc,0.8860197813334992
Optimal_vote_MLP,census,acc,0.8339168355752103
Optimal_vote_MLP,census,f1_binary,0.5607537361923327
Optimal_vote_MLP,census,f1_max,0.6576068179200737
Optimal_vote_MLP,census,mcc,0.48939052584101544
Optimal_vote_MLP,census,ece,0.02416677021671298
Optimal_vote_MLP,census,auc,0.8849531848517282
Optimal_vote_MLP,census,acc,0.8318285117621768
Optimal_vote_MLP,census,f1_binary,0.5396772024209818
Optimal_vote_MLP,census,f1_max,0.6547605505630758
Optimal_vote_MLP,census,mcc,0.47891071041025424
Optimal_vote_MLP,census,ece,0.028927372748271434
Optimal_vote_MLP,yelp,auc,0.9103300734850902
Optimal_vote_MLP,yelp,acc,0.8257894736842105
Optimal_vote_MLP,yelp,f1_binary,0.8346653346653347
Optimal_vote_MLP,yelp,f1_max,0.8383264462809917
Optimal_vote_MLP,yelp,mcc,0.6557521334961535
Optimal_vote_MLP,yelp,ece,0.05143118351697922
Optimal_vote_MLP,yelp,auc,0.8987480033564672
Optimal_vote_MLP,yelp,acc,0.8218421052631579
Optimal_vote_MLP,yelp,f1_binary,0.8321348871807588
Optimal_vote_MLP,yelp,f1_max,0.8325881768504719
Optimal_vote_MLP,yelp,mcc,0.6451667874272886
Optimal_vote_MLP,yelp,ece,0.045519809377820866
Optimal_vote_MLP,yelp,auc,0.9173682150454114
Optimal_vote_MLP,yelp,acc,0.8465789473684211
Optimal_vote_MLP,yelp,f1_binary,0.8481375358166188
Optimal_vote_MLP,yelp,f1_max,0.847360167276529
Optimal_vote_MLP,yelp,mcc,0.6933630859668695
Optimal_vote_MLP,yelp,ece,0.07025941477010127
Optimal_vote_MLP,yelp,auc,0.9097113569073114
Optimal_vote_MLP,yelp,acc,0.8152631578947368
Optimal_vote_MLP,yelp,f1_binary,0.8288639687957093
Optimal_vote_MLP,yelp,f1_max,0.8313786812614021
Optimal_vote_MLP,yelp,mcc,0.6403883356774136
Optimal_vote_MLP,yelp,ece,0.04645524732376397
Optimal_vote_MLP,yelp,auc,0.9137431505302981
Optimal_vote_MLP,yelp,acc,0.8160526315789474
Optimal_vote_MLP,yelp,f1_binary,0.8304632549114722
Optimal_vote_MLP,yelp,f1_max,0.8395570435230493
Optimal_vote_MLP,yelp,mcc,0.6425147724649637
Optimal_vote_MLP,yelp,ece,0.0479770148898426
Optimal_vote_MLP,agnews,acc,0.8016666666666666
Optimal_vote_MLP,agnews,f1_macro,0.7996641772514472
Optimal_vote_MLP,agnews,mcc,0.7358313548214084
Optimal_vote_MLP,agnews,ece,0.09912277389566106
Optimal_vote_MLP,agnews,acc,0.7994166666666667
Optimal_vote_MLP,agnews,f1_macro,0.797861126777496
Optimal_vote_MLP,agnews,mcc,0.7327455178437859
Optimal_vote_MLP,agnews,ece,0.09261840544641015
Optimal_vote_MLP,agnews,acc,0.7974166666666667
Optimal_vote_MLP,agnews,f1_macro,0.7962113767899713
Optimal_vote_MLP,agnews,mcc,0.7303265733180468
Optimal_vote_MLP,agnews,ece,0.08425285826623441
Optimal_vote_MLP,agnews,acc,0.7963333333333333
Optimal_vote_MLP,agnews,f1_macro,0.7950414251427945
Optimal_vote_MLP,agnews,mcc,0.7288835182953147
Optimal_vote_MLP,agnews,ece,0.09163116571307182
Optimal_vote_MLP,agnews,acc,0.80375
Optimal_vote_MLP,agnews,f1_macro,0.8022263760489474
Optimal_vote_MLP,agnews,mcc,0.7388782722499626
Optimal_vote_MLP,agnews,ece,0.08998111728827159
Optimal_vote_MLP,semeval,acc,0.9133333333333333
Optimal_vote_MLP,semeval,f1_macro,0.8332401793909673
Optimal_vote_MLP,semeval,mcc,0.8934325931434306
Optimal_vote_MLP,semeval,ece,0.1275251572827498
Optimal_vote_MLP,semeval,acc,0.8983333333333333
Optimal_vote_MLP,semeval,f1_macro,0.8235813745681454
Optimal_vote_MLP,semeval,mcc,0.8765790376887244
Optimal_vote_MLP,semeval,ece,0.1439961129426956
Optimal_vote_MLP,semeval,acc,0.9066666666666666
Optimal_vote_MLP,semeval,f1_macro,0.8105713582855067
Optimal_vote_MLP,semeval,mcc,0.8866250694218077
Optimal_vote_MLP,semeval,ece,0.1266499223311742
Optimal_vote_MLP,semeval,acc,0.89
Optimal_vote_MLP,semeval,f1_macro,0.8044398496131355
Optimal_vote_MLP,semeval,mcc,0.865993475349625
Optimal_vote_MLP,semeval,ece,0.07627230703830716
Optimal_vote_MLP,semeval,acc,0.9083333333333333
Optimal_vote_MLP,semeval,f1_macro,0.8138734902172193
Optimal_vote_MLP,semeval,mcc,0.8881058402728349
Optimal_vote_MLP,semeval,ece,0.11014575024445854
Optimal_vote_MLP,trec,acc,0.63
Optimal_vote_MLP,trec,f1_macro,0.5042429698525008
Optimal_vote_MLP,trec,mcc,0.5567367541321582
Optimal_vote_MLP,trec,ece,0.16802631795406342
Optimal_vote_MLP,trec,acc,0.542
Optimal_vote_MLP,trec,f1_macro,0.40152812514348524
Optimal_vote_MLP,trec,mcc,0.448561978012059
Optimal_vote_MLP,trec,ece,0.15725354915857315
Optimal_vote_MLP,trec,acc,0.612
Optimal_vote_MLP,trec,f1_macro,0.46742922598357645
Optimal_vote_MLP,trec,mcc,0.5393031561564428
Optimal_vote_MLP,trec,ece,0.14035951942205427
Optimal_vote_MLP,trec,acc,0.618
Optimal_vote_MLP,trec,f1_macro,0.4896659342751826
Optimal_vote_MLP,trec,mcc,0.5403045660954308
Optimal_vote_MLP,trec,ece,0.1591884505748749
Optimal_vote_MLP,trec,acc,0.638
Optimal_vote_MLP,trec,f1_macro,0.49654897133158
Optimal_vote_MLP,trec,mcc,0.5668436978813584
Optimal_vote_MLP,trec,ece,0.17204662823677064
Optimal_vote_MLP,chemprot,acc,0.6583696328562539
Optimal_vote_MLP,chemprot,f1_macro,0.4941749492786946
Optimal_vote_MLP,chemprot,mcc,0.5736338745838236
Optimal_vote_MLP,chemprot,ece,0.10685871023158516
Optimal_vote_MLP,chemprot,acc,0.6527691350342253
Optimal_vote_MLP,chemprot,f1_macro,0.49745879097669754
Optimal_vote_MLP,chemprot,mcc,0.5636991375826315
Optimal_vote_MLP,chemprot,ece,0.08169213391715276
Optimal_vote_MLP,chemprot,acc,0.6471686372121966
Optimal_vote_MLP,chemprot,f1_macro,0.49719529390467165
Optimal_vote_MLP,chemprot,mcc,0.556541220740348
Optimal_vote_MLP,chemprot,ece,0.06817717446847667
Optimal_vote_MLP,chemprot,acc,0.6527691350342253
Optimal_vote_MLP,chemprot,f1_macro,0.509526894252722
Optimal_vote_MLP,chemprot,mcc,0.5654144715268337
Optimal_vote_MLP,chemprot,ece,0.0676163066486876
Optimal_vote_MLP,chemprot,acc,0.6322339763534537
Optimal_vote_MLP,chemprot,f1_macro,0.49151478727413955
Optimal_vote_MLP,chemprot,mcc,0.5471478441290244
Optimal_vote_MLP,chemprot,ece,0.08181973416462551
